Region,Country,City,Organisation,Prospect Category,HQ / Primary Geography,Address / Office Location,Family / Founder / Strategic Nature,Known Sector Themes,TBP / Regional Corridor Relevance,Possible TBP Entry Point,Recommended Contact Route,Assigned Lead,Family Office Fit (20),Permanent Capital (20),Sector Alignment (20),Governance Mindset (15),Strategic Adjacency (15),Engagement Readiness (10),Total Score,Classification,Priority,Pipeline Stage,Scoring Status,Public Source URLs,Notes / Diligence Flags,Email address,Contact Email Status,Contact Email Source URLs,Contact Email Notes,Contact Enrichment Date,Source File,Alternate Names
Central Asia,Kazakhstan,Almaty / Astana,Verny Capital / Bulat Utemuratov,Private investment group / family-capital style platform,Almaty / Astana,,Private investment group / family-capital style platform,Family office services / private wealth / stewardship; Logistics / ports / trade corridors; Infrastructure / real estate / development; Financial services / private capital / investment,"Leader in private investments in Kazakhstan; infrastructure, governance, philanthropy and long-term private capital relevance.",Central Asia / Middle Corridor; Uzbekistan-Kazakhstan corridor; Family Office Circle,Legal/compliance review first; then adviser-led or warm-introduction route only,Tharushi / Capital Advisory Team,18,18,18,14,14,8,90,Priority Founding Steward Prospect,Priority,Identified,Indicative scored – review required,https://vernycapital.com/en/bulat-utemuratov-investor/,"Apply enhanced due diligence where political exposure, ownership opacity or sanctions risk may exist. | Risk level: Enhanced diligence | Source type: Public website / public source",info@vernycapital.com,Official/public email - verify before outreach,https://vernycapital.com/en/bulat-utemuratov-investor/,Use general office email or warm introduction; enhanced diligence for source of wealth and governance fit.,7/1/2026,TBP_Family_Office_Generated_Lists_Fresh_Master.xlsx; TBP_UZ-KZ_Independent_Corridor_Investor_Longlist.xlsx,Verny Capital
Central Asia,Kazakhstan,Astana,BI Group / Aidyn Rakhimbayev,"Investment, development, construction and education holding",Astana,,"Investment, development, construction and education holding",Family office services / private wealth / stewardship; Logistics / ports / trade corridors; Infrastructure / real estate / development; Financial services / private capital / investment,"City development, real estate, construction and infrastructure alignment.",Central Asia / Middle Corridor; Uzbekistan-Kazakhstan corridor; Family Office Circle,Website / corporate development / adviser introduction / sector forum,Tharushi / Capital Advisory Team,16,15,19,12,13,8,83,Priority Founding Steward Prospect,Priority,Identified,Indicative scored – review required,https://bi.group/en/company,"Apply enhanced due diligence where political exposure, ownership opacity or sanctions risk may exist. | Risk level: Standard | Source type: Public website / public source",ipm@bi.group,Official/public email - verify before outreach,https://bi.group/en/company,Use institutional or partnership route; verify current contact before outreach.,7/1/2026,TBP_Family_Office_Generated_Lists_Fresh_Master.xlsx; TBP_UZ-KZ_Independent_Corridor_Investor_Longlist.xlsx,BI Group
Central Asia,Kazakhstan,Almaty,Lancaster Group,Diversified international holding company,Almaty,,Diversified international holding company,"Mining, infrastructure, energy, financial services","Industrial infrastructure, oil and gas services, mining, pharmaceuticals, logistics and education.",Central Asia / Middle Corridor; Uzbekistan-Kazakhstan corridor; Family Office Circle,Website / adviser route,Tharushi / Capital Advisory Team,15,16,16,11,12,6,76,Strong Potential Prospect,Priority,Identified,Indicative scored – review required,https://lancasterholding.com/en,"Apply enhanced due diligence where political exposure, ownership opacity or sanctions risk may exist. | Risk level: Standard | Source type: Public website / public source",info@lgk.kz,Official/public email - verify before outreach,https://lancasterholding.com/en,Use general office email; verify current contact before outreach.,7/1/2026,TBP_Family_Office_Generated_Lists_Fresh_Master.xlsx; TBP_UZ-KZ_Independent_Corridor_Investor_Longlist.xlsx,
Central Asia,Kazakhstan,,Resmi Group,Diversified investment holding,Kazakhstan / Central Asia,,Diversified investment holding,Family office services / private wealth / stewardship; Logistics / ports / trade corridors; Financial services / private capital / investment,Diversified investment holding operating in Kazakhstan and Central Asia.,Central Asia / Middle Corridor; Uzbekistan-Kazakhstan corridor; Family Office Circle,Website / corporate development / adviser introduction / sector forum,Tharushi / Capital Advisory Team,16,15,17,10,12,6,76,Strong Potential Prospect,High,Identified,Indicative scored – review required,https://kz.linkedin.com/company/group-of-companies-resmi,"Apply enhanced due diligence where political exposure, ownership opacity or sanctions risk may exist. | Risk level: Standard | Source type: Public website / public source | Email to verify through public website/contact route before outreach.",inform@resmi.kz,Official/public email - verify before outreach,https://kase.kz/en/listing/issuers/RESC/,Issuer/contact source; verify best route for capital advisory discussion.,7/1/2026,TBP_Family_Office_Generated_Lists_Fresh_Master.xlsx,
Central Asia,Kazakhstan,Astana,AIFC Family Office Framework,Family office jurisdiction / structuring platform,Astana,,Family office jurisdiction / structuring platform,Family office services / private wealth / stewardship; Logistics / ports / trade corridors,Institutional route for structuring Central Asian single-family office conversations.,Central Asia / Middle Corridor; Uzbekistan-Kazakhstan corridor; Family Office Circle,Website / corporate development / adviser introduction / sector forum,Tharushi / Capital Advisory Team,17,14,15,10,11,6,73,Strong Potential Prospect,Gateway,Identified,Indicative scored – review required,https://afsa.aifc.kz/aifc-introduces-family-offices-framework/,"Apply enhanced due diligence where political exposure, ownership opacity or sanctions risk may exist. | Risk level: Standard | Source type: Public website / public source | Email to verify through public website/contact route before outreach.",info@afsa.kz; consultation@afsa.kz; registration@afsa.kz; itrp@aifc.kz,Official public institutional contacts,https://afsa.aifc.kz/aifc-introduces-family-offices-framework/ | https://afsa.aifc.kz/contact-us/,"Use as jurisdiction/regulatory gateway, not a family office prospect. Route family-office framework questions through AFSA/AIFC contacts.",7/1/2026,TBP_Family_Office_Generated_Lists_Fresh_Master.xlsx,
Central Asia,Kazakhstan,Almaty,Centras Group / Centras Capital,Investment and insurance group / private equity,Almaty,,Investment and insurance group / private equity,Family office services / private wealth / stewardship; Logistics / ports / trade corridors; Financial services / private capital / investment,"Investment, insurance, private equity and capital markets channel.",Central Asia / Middle Corridor; Uzbekistan-Kazakhstan corridor; Family Office Circle,Website / investor relations / ecosystem introduction,Tharushi / Capital Advisory Team,14,15,15,10,11,6,71,Strong Potential Prospect,Channel / High,Identified,Indicative scored – review required,https://kz.linkedin.com/company/centras-capital-group,"Apply enhanced due diligence where political exposure, ownership opacity or sanctions risk may exist. | Risk level: Standard | Source type: Public website / public source | Email to verify through public website/contact route before outreach.",mail@centras.kz; marketing@centras.kz,Official/public email - verify before outreach,https://centras.kz/contacts/ | https://centras.kz/en/,Use corporate/general route; verify capital advisory contact.,7/1/2026,TBP_Family_Office_Generated_Lists_Fresh_Master.xlsx,
Central Asia,Kazakhstan,,Ordabasy Group,Industrial investment holding,Kazakhstan,,Industrial investment holding,"Industry, agriculture, construction materials",Investment group active in strategic sectors; potential infrastructure/industrial relevance.,Central Asia / Middle Corridor; Uzbekistan-Kazakhstan corridor; Family Office Circle,Website / regional business networks,Tharushi / Capital Advisory Team,14,13,16,10,12,5,70,Strong Potential Prospect,High,Identified,Indicative scored – review required,https://privateequitylist.com/investors/ordabasy-group,"Apply enhanced due diligence where political exposure, ownership opacity or sanctions risk may exist. | Risk level: Enhanced diligence | Source type: Public website / public source",info@ordabasy.kz,Official/public email - verify before outreach,https://privateequitylist.com/investors/ordabasy-group,Third-party/private equity source; verify official site before outreach.,7/1/2026,TBP_Family_Office_Generated_Lists_Fresh_Master.xlsx; TBP_UZ-KZ_Independent_Corridor_Investor_Longlist.xlsx,
Central Asia,Kazakhstan,,EY Kazakhstan Family Office Services,Adviser / family enterprise channel,Kazakhstan,,Adviser / family enterprise channel,Family office services / private wealth / stewardship; Logistics / ports / trade corridors,"Family enterprise, succession and family office structuring adviser channel.",Central Asia / Middle Corridor; Uzbekistan-Kazakhstan corridor; Family Office Circle,Website / advisory relationship / warm introduction,Tharushi / Capital Advisory Team,12,14,14,10,10,6,66,Strong Potential Prospect,Channel,Identified,Indicative scored – review required,https://www.ey.com/en_kz/services/family-enterprise/family-office,"Apply enhanced due diligence where political exposure, ownership opacity or sanctions risk may exist. | Risk level: Standard | Source type: Public website / public source | Email to verify through public website/contact route before outreach.",Contact form / EY office route; no general email captured,Official contact route only,https://www.ey.com/en_kz/services/family-enterprise/family-office | https://www.ey.com/en_kz/locations/kazakhstan,Adviser route only. Use EY office/contact forms rather than direct unsolicited personal emails.,7/1/2026,TBP_Family_Office_Generated_Lists_Fresh_Master.xlsx,
Central Asia,Kazakhstan,,Gryphon Kazakhstan,Adviser to private families and foreign-owned groups,Kazakhstan,,Adviser to private families and foreign-owned groups,Family office services / private wealth / stewardship; Logistics / ports / trade corridors; Infrastructure / real estate / development,Focuses on private families and foreign-owned groups; logistics/infrastructure project experience.,Central Asia / Middle Corridor; Uzbekistan-Kazakhstan corridor; Family Office Circle,Website / advisory relationship / warm introduction,Tharushi / Capital Advisory Team,12,14,14,10,10,6,66,Strong Potential Prospect,Channel,Identified,Indicative scored – review required,https://www.gryphco.com/kazakhstan,"Apply enhanced due diligence where political exposure, ownership opacity or sanctions risk may exist. | Risk level: Standard | Source type: Public website / public source | Email to verify through public website/contact route before outreach.",a.demirel@gryphco.com; roger.holland@shre.kz,Official public email - verify before outreach,https://www.gryphco.com/kazakhstan,Useful adviser/introduction channel for Kazakhstan private families and foreign-owned groups.,7/1/2026,TBP_Family_Office_Generated_Lists_Fresh_Master.xlsx,
Central Asia,Kazakhstan,Almaty,Moore Kazakhstan – Private Client / Family Office,Adviser / private client channel,Almaty,,Adviser / private client channel,Family office services / private wealth / stewardship; Logistics / ports / trade corridors,Private client and family office service route in Kazakhstan.,Central Asia / Middle Corridor; Uzbekistan-Kazakhstan corridor; Family Office Circle,Website / advisory relationship / warm introduction,Tharushi / Capital Advisory Team,12,14,14,10,10,6,66,Strong Potential Prospect,Channel,Identified,Indicative scored – review required,https://kazakhstan.moore-global.com/locations/almaty/,"Apply enhanced due diligence where political exposure, ownership opacity or sanctions risk may exist. | Risk level: Standard | Source type: Public website / public source | Email to verify through public website/contact route before outreach.",info@moore.kz,Official public email - verify before outreach,https://kazakhstan.moore-global.com/locations/almaty/,Adviser/channel prospect; verify appropriate family office partner before outreach.,7/1/2026,TBP_Family_Office_Generated_Lists_Fresh_Master.xlsx,
Central Asia,Kazakhstan,,Visor Group / Visor Capital,Investment group / investment bank channel,Kazakhstan,,Investment group / investment bank channel,Family office services / private wealth / stewardship; Logistics / ports / trade corridors; Financial services / private capital / investment,CIS market investment bank and potential adviser/transaction channel.,Central Asia / Middle Corridor; Uzbekistan-Kazakhstan corridor; Family Office Circle,Website / public contact route / adviser introduction,Tharushi / Capital Advisory Team,12,14,14,10,10,6,66,Strong Potential Prospect,Channel,Identified,Indicative scored – review required,https://www.swfinstitute.org/profile/5e39a4a4fcbe7e8ca71b73dc,"Apply enhanced due diligence where political exposure, ownership opacity or sanctions risk may exist. | Risk level: Standard | Source type: Public website / public source | Email to verify through public website/contact route before outreach.",info@visorcapital.com; back.office@visorcapital.com; trading@visorcapital.com; research@visorcapital.com,Official public email - verify before outreach,https://www.visorcapital.com/contact-us/,Use general info first; avoid trading/research contacts unless relevant.,7/1/2026,TBP_Family_Office_Generated_Lists_Fresh_Master.xlsx,
Central Asia,Kazakhstan,,Almex Holding / Kulibayev family-linked holding,Family-linked holding / strategic capital,Kazakhstan,,Family-linked holding / strategic capital,Family office services / private wealth / stewardship; Logistics / ports / trade corridors; Financial services / private capital / investment,Linked publicly to Halyk Bank shareholding and Kulibayev family; high-value but sensitive.,Central Asia / Middle Corridor; Uzbekistan-Kazakhstan corridor; Family Office Circle,Legal/compliance review first; then adviser-led or warm-introduction route only,Tharushi / Capital Advisory Team,17,12,13,8,9,5,64,Monitor / Secondary Prospect,Monitor / EDD,Identified,Indicative scored – review required,https://halykbank.com/news/halyk-bank-provides-information-regarding-announcement-of-holding-group-almex,"Apply enhanced due diligence where political exposure, ownership opacity or sanctions risk may exist. | Risk level: High / PEP diligence | Source type: Public website / public source | Email to verify through public website/contact route before outreach.",info@almex.kz; info@almex-holding.kz,Official/public email - enhanced diligence,https://kase.kz/en/issuers/ALMX/ | https://publicreg.myafsa.com/,Enhanced diligence / politically exposed and ownership-sensitivity review before any approach.,7/1/2026,TBP_Family_Office_Generated_Lists_Fresh_Master.xlsx,
Central Asia,Kazakhstan / Singapore,Almaty,Kusto Group / Yerkin Tatishev,Diversified industrial holding,Almaty / Singapore,,Diversified industrial holding,Family office services / private wealth / stewardship; Logistics / ports / trade corridors; Infrastructure / real estate / development; Energy / renewables / industrial infrastructure,"Agribusiness, energy, construction materials and global industrial investment relevance.",Central Asia / Middle Corridor; Uzbekistan-Kazakhstan corridor; Family Office Circle,Website / corporate development / adviser introduction / sector forum,Tharushi / Capital Advisory Team,15,15,16,11,11,6,74,Strong Potential Prospect,Priority,Identified,Indicative scored – review required,https://www.kustogroup.com/,"Apply enhanced due diligence where political exposure, ownership opacity or sanctions risk may exist. | Risk level: Standard | Source type: Public website / public source",info@kustogroup.com,Official/public email - verify before outreach,https://www.kustogroup.com/,Use institutional/general route; verify current group contact before outreach.,7/1/2026,TBP_Family_Office_Generated_Lists_Fresh_Master.xlsx; TBP_UZ-KZ_Independent_Corridor_Investor_Longlist.xlsx,Kusto Group
Central Asia,Uzbekistan,Tashkent,Orient Group,Private investment group / diversified conglomerate,Tashkent,,Private investment group / diversified conglomerate,"Logistics, warehousing, real estate, hospitality, industry, retail","Major private investor in Uzbekistan across banking, construction, agriculture, logistics, real estate and industry.",Central Asia / Middle Corridor; Uzbekistan-Kazakhstan corridor; Family Office Circle,Website / LinkedIn / logistics partnerships,Tharushi / Capital Advisory Team,18,15,20,11,14,8,86,Priority Founding Steward Prospect,Priority / EDD,Identified,Indicative scored – review required,https://uz.linkedin.com/company/orient-group,"Apply enhanced due diligence where political exposure, ownership opacity or sanctions risk may exist. | Risk level: High / PEP diligence | Source type: Public website / public source | Email to verify through public website/contact route before outreach.",No public email found - use official website/LinkedIn/warm introduction route,No public email identified,https://uz.linkedin.com/company/orient-group,Enhanced diligence recommended due to opacity and political-exposure sensitivity.,7/1/2026,TBP_Family_Office_Generated_Lists_Fresh_Master.xlsx,
Central Asia,Uzbekistan,Tashkent,Artel Electronics / AKFA Group / Jahongir Artikkhodjaev-linked ecosystem,Founder-led industrial and manufacturing group,Tashkent,,Founder-led industrial and manufacturing group,Family office services / private wealth / stewardship; Logistics / ports / trade corridors; Manufacturing / food / agribusiness / consumer,Central Asia manufacturing/export capability; industrial/logistics/trade relevance.,Central Asia / Middle Corridor; Uzbekistan-Kazakhstan corridor; Family Office Circle,Legal/compliance review first; then adviser-led or warm-introduction route only,Tharushi / Capital Advisory Team,18,15,19,11,13,7,83,Priority Founding Steward Prospect,Priority / EDD,Identified,Indicative scored – review required,https://www.prnewswire.co.uk/news-releases/artel-becomes-first-private-uzbek-manufacturing-company-to-obtain-credit-rating-819503156.html,"Apply enhanced due diligence where political exposure, ownership opacity or sanctions risk may exist. | Risk level: High / PEP diligence | Source type: Public website / public source",info@akfaaluminium.com; info@artelelectronics.com,Official public email - verify before outreach,https://akfaaluminium.com/ | https://www.artelelectronics.com/,Use company-level route; enhanced diligence for political exposure and ownership context.,7/1/2026,TBP_Family_Office_Generated_Lists_Fresh_Master.xlsx; TBP_UZ-KZ_Independent_Corridor_Investor_Longlist.xlsx,AKFA Group; Artel Electronics
Central Asia,Uzbekistan,Tashkent,Murad Buildings / Murad Nazarov,Founder-led real estate developer,Tashkent,,Founder-led real estate developer,Family office services / private wealth / stewardship; Logistics / ports / trade corridors; Infrastructure / real estate / development,Real estate and urban development fit for TBP trade-city/corridor thinking.,Central Asia / Middle Corridor; Uzbekistan-Kazakhstan corridor; Family Office Circle,Website / corporate development / adviser introduction / sector forum,Tharushi / Capital Advisory Team,13,13,15,11,10,6,68,Strong Potential Prospect,Priority,Identified,Indicative scored – review required,https://compass.uz/en/clients/murad-building,"Apply enhanced due diligence where political exposure, ownership opacity or sanctions risk may exist. | Risk level: Standard | Source type: Public website / public source",pr@mbc.uz,Official/public email - verify before outreach,https://mbc.uz/contacts/ | https://compass.uz/en/clients/murad-building,PR contact; verify strategic partnership route before any capital advisory discussion.,7/1/2026,TBP_Family_Office_Generated_Lists_Fresh_Master.xlsx; TBP_UZ-KZ_Independent_Corridor_Investor_Longlist.xlsx,Murad Buildings
Central Asia,Uzbekistan,Tashkent,Henley & Partners Uzbekistan,Private client / HNWI advisory channel,Tashkent,,Private client / HNWI advisory channel,Family office services / private wealth / stewardship; Logistics / ports / trade corridors,Access route to internationally mobile HNWIs and family capital.,Central Asia / Middle Corridor; Uzbekistan-Kazakhstan corridor; Family Office Circle,Website / public contact route / adviser introduction,Tharushi / Capital Advisory Team,12,14,14,10,10,6,66,Strong Potential Prospect,Channel,Identified,Indicative scored – review required,https://www.henleyglobal.com/contact/office-uzbekistan,"Apply enhanced due diligence where political exposure, ownership opacity or sanctions risk may exist. | Risk level: Standard | Source type: Public website / public source | Email to verify through public website/contact route before outreach.",Contact form / office route; no direct email captured,Official contact route only,https://www.henleyglobal.com/contact/office-uzbekistan,Private-client adviser route; use official contact form and avoid scraping personal emails.,7/1/2026,TBP_Family_Office_Generated_Lists_Fresh_Master.xlsx,
Central Asia,Uzbekistan,Tashkent,Tashkent International Financial Center ecosystem,Emerging financial centre / future family-office channel,Tashkent,,Emerging financial centre / future family-office channel,Family office services / private wealth / stewardship; Logistics / ports / trade corridors; Financial services / private capital / investment,"Strategic route for future family-office, tax-zone and green finance conversations.",Central Asia / Middle Corridor; Uzbekistan-Kazakhstan corridor; Family Office Circle,Website / corporate development / adviser introduction / sector forum,Tharushi / Capital Advisory Team,10,14,15,10,11,6,66,Strong Potential Prospect,Gateway,Identified,Indicative scored – review required,https://www.reuters.com/world/asia-pacific/uzbek-president-pledges-continued-reforms-tax-free-zone-tashkent-forum-2026-06-17/,"Apply enhanced due diligence where political exposure, ownership opacity or sanctions risk may exist. | Risk level: Standard | Source type: Public website / public source | Email to verify through public website/contact route before outreach.",No public email found - use government / conference / official financial-centre route,No public email identified,https://www.reuters.com/world/asia-pacific/uzbek-president-pledges-continued-reforms-tax-free-zone-tashkent-forum-2026-06-17/,"Strategic ecosystem route, not a family office. Use policy/forum channels.",7/1/2026,TBP_Family_Office_Generated_Lists_Fresh_Master.xlsx,
Southeast Asia,Indonesia,Jakarta,CT Corp / Chairul Tanjung family,Family-controlled conglomerate,Jakarta,,Family-controlled conglomerate,Family office services / private wealth / stewardship; Logistics / ports / trade corridors; Infrastructure / real estate / development; Financial services / private capital / investment,"Financial services, media, retail, hospitality, entertainment, property and lifestyle.",Indonesia / Southeast Asia Neutral Trade Corridor; Family Office Circle,Website / corporate development / adviser introduction / sector forum,Irene,18,17,18,12,13,7,85,Priority Founding Steward Prospect,Priority,Identified,Indicative scored – review required,https://www.ctcorpora.com/who.html,"Confirm current ownership, regional presence and appropriate adviser route before approach. | Risk level: Standard | Source type: Public website / public source | Email to verify through public website/contact route before outreach.",No public email found - use official website/corporate route or warm introduction,No public email identified,https://www.ctcorpora.com/who.html,Use warm introduction or corporate office route; do not rely on unverified third-party emails.,7/1/2026,TBP_Family_Office_Generated_Lists_Fresh_Master.xlsx,
Southeast Asia,Indonesia,Jakarta,Gunung Sewu Group / Angkosubroto family,"Family-run group / food, insurance, property, manufacturing",Jakarta,,"Family-run group / food, insurance, property, manufacturing",Family office services / private wealth / stewardship; Logistics / ports / trade corridors; Infrastructure / real estate / development; Manufacturing / food / agribusiness / consumer,"Food, insurance, property and manufacturing; generational stewardship fit.",Indonesia / Southeast Asia Neutral Trade Corridor; Family Office Circle,Website / corporate development / adviser introduction / sector forum,Irene,18,17,18,12,13,7,85,Priority Founding Steward Prospect,Priority,Identified,Indicative scored – review required,https://www.gunungsewu.com/,"Confirm current ownership, regional presence and appropriate adviser route before approach. | Risk level: Standard | Source type: Public website / public source | Email to verify through public website/contact route before outreach.",Contact form / phone route; sahabat.anda@gunungsewu.com is compliance/concerns only,Purpose-limited email / contact route,https://www.gunungsewu.com/contact-us/ | https://www.gunungsewu.com/code-of-conduct/,Do not use compliance/whistleblowing email for investor outreach. Use corporate contact route or adviser introduction.,7/1/2026,TBP_Family_Office_Generated_Lists_Fresh_Master.xlsx,
Southeast Asia,Indonesia,Jakarta / Hong Kong-linked,Salim Group / First Pacific / Indofood ecosystem,Family-controlled conglomerate / listed holding exposure,Jakarta / Hong Kong-linked,,Family-controlled conglomerate / listed holding exposure,Family office services / private wealth / stewardship; Logistics / ports / trade corridors; Infrastructure / real estate / development; Manufacturing / food / agribusiness / consumer,"Food supply chains, retail, infrastructure, telecom and regional trade.",Indonesia / Southeast Asia Neutral Trade Corridor; Family Office Circle,Website / corporate development / adviser introduction / sector forum,Irene,18,17,18,12,13,7,85,Priority Founding Steward Prospect,Priority,Identified,Indicative scored – review required,https://www.firstpacific.com/about/management.php,"Confirm current ownership, regional presence and appropriate adviser route before approach. | Risk level: Standard | Source type: Public website / public source | Email to verify through public website/contact route before outreach.",johnryan@firstpacific.com; saracheung@firstpacific.com,Official public corporate communications emails,https://www.firstpacific.com/contact.php | https://www.firstpacific.com/media/contact.php,First Pacific corporate communications / media contacts; use for institutional introduction only if appropriate.,7/1/2026,TBP_Family_Office_Generated_Lists_Fresh_Master.xlsx,
Southeast Asia,Indonesia,Jakarta,Saratoga Investama Sedaya,Active investment company / strategic private capital,Jakarta,,Active investment company / strategic private capital,Family office services / private wealth / stewardship; Logistics / ports / trade corridors; Infrastructure / real estate / development; Energy / renewables / industrial infrastructure,"Healthcare, digital infrastructure, green economy, energy, specialty logistics and strategic private capital.",Indonesia / Southeast Asia Neutral Trade Corridor; Family Office Circle,Website / public contact route / adviser introduction,Irene,18,17,18,12,13,7,85,Priority Founding Steward Prospect,Priority,Identified,Indicative scored – review required,https://saratoga-investama.com/,"Confirm current ownership, regional presence and appropriate adviser route before approach. | Risk level: Standard | Source type: Public website / public source | Email to verify through public website/contact route before outreach.",info@saratoga-investama.com; investor.relations@saratoga-investama.com; corporate.secretary@saratoga-investama.com,Official public email,https://saratoga-investama.com/contact/ | https://saratoga-investama.com/investor-relations/contact-us/,Strong direct corporate/investor relations route.,7/1/2026,TBP_Family_Office_Generated_Lists_Fresh_Master.xlsx,
Southeast Asia,Indonesia,Jakarta,Triputra Group / Theodore Rachmat family,Family-controlled holding company,Jakarta,,Family-controlled holding company,Family office services / private wealth / stewardship; Logistics / ports / trade corridors; Manufacturing / food / agribusiness / consumer,"Industrial holding with relevance to logistics, manufacturing and long-term enterprise capital.",Indonesia / Southeast Asia Neutral Trade Corridor; Family Office Circle,Website / corporate development / adviser introduction / sector forum,Irene,18,17,18,12,13,7,85,Priority Founding Steward Prospect,Priority,Identified,Indicative scored – review required,https://triputra-group.com/en/tentang-kami/profil/,"Confirm current ownership, regional presence and appropriate adviser route before approach. | Risk level: Standard | Source type: Public website / public source | Email to verify through public website/contact route before outreach.",No general public email found; wbs@triputra-group.com is whistleblowing only,Purpose-limited email / contact route,https://www.triputra-group.com/en/contact-us/ | https://www.triputra-group.com/en/whistleblowing-system/,Do not use whistleblowing email for outreach. Use corporate contact page/phone or warm intro.,7/1/2026,TBP_Family_Office_Generated_Lists_Fresh_Master.xlsx,
Southeast Asia,Indonesia,Jakarta,Barito Pacific / Barito Renewables / Prajogo Pangestu family,"Family-controlled energy, petrochemical and renewables group",Jakarta,,"Family-controlled energy, petrochemical and renewables group",Family office services / private wealth / stewardship; Logistics / ports / trade corridors; Infrastructure / real estate / development; Energy / renewables / industrial infrastructure,"Energy, petrochemical, power, renewables and infrastructure relevance.",Indonesia / Southeast Asia Neutral Trade Corridor; Family Office Circle,Legal/compliance review first; then adviser-led or warm-introduction route only,Irene,18,17,18,10,13,6,82,Priority Founding Steward Prospect,Priority,Identified,Indicative scored – review required,https://www.barito-pacific.com/newsroom/official-statement-from-barito-pacific-group,"Confirm current ownership, regional presence and appropriate adviser route before approach. | Risk level: Enhanced diligence | Source type: Public website / public source | Email to verify through public website/contact route before outreach.",corpsec@barito.co.id; corpsec@baritorenewables.co.id,Official public corporate secretary emails,https://www.barito-pacific.com/contact | https://www.baritorenewables.co.id/investor-relations/contact-us,Good official company route; enhanced diligence for energy/market sensitivity.,7/1/2026,TBP_Family_Office_Generated_Lists_Fresh_Master.xlsx,
Southeast Asia,Indonesia,Jakarta / Kudus,Hartono Family Office / Djarum Group / GDP Venture,Single-family office / family-controlled conglomerate / venture arm,Jakarta / Kudus,,Single-family office / family-controlled conglomerate / venture arm,Family office services / private wealth / stewardship; Logistics / ports / trade corridors; Infrastructure / real estate / development; Technology / digital infrastructure / venture,"Banking, technology, real estate and diversified holdings; major Indonesia private capital target.",Indonesia / Southeast Asia Neutral Trade Corridor; Family Office Circle,Website / investor relations / ecosystem introduction,Irene,14,17,18,12,13,7,81,Priority Founding Steward Prospect,Priority,Identified,Indicative scored – review required,https://www.reuters.com/world/asia-pacific/indonesian-billionaire-michael-bambang-hartono-dies-86-2026-03-20/,"Confirm current ownership, regional presence and appropriate adviser route before approach. | Risk level: Standard | Source type: Public website / public source | Email to verify through public website/contact route before outreach.",No public email found - use GDP Venture legal/contact page or warm introduction,No public email identified,https://www.gdpventure.com/contact-us/ | https://www.gdpventure.com/legal-contact/,Use warm introduction or official contact route; avoid third-party personal emails.,7/1/2026,TBP_Family_Office_Generated_Lists_Fresh_Master.xlsx,
Southeast Asia,Indonesia,Jakarta / Singapore-linked,Widjaja Family Investment Office / Sinar Mas Group / SMDV,Single-family office / family investment office / conglomerate venture arm,Jakarta / Singapore-linked,,Single-family office / family investment office / conglomerate venture arm,Family office services / private wealth / stewardship; Logistics / ports / trade corridors; Infrastructure / real estate / development; Energy / renewables / industrial infrastructure,"Agribusiness, real estate, paper, telecom, energy, infrastructure and healthcare.",Indonesia / Southeast Asia Neutral Trade Corridor; Family Office Circle,Website / investor relations / ecosystem introduction,Irene,14,17,18,12,13,7,81,Priority Founding Steward Prospect,Priority,Identified,Indicative scored – review required,https://www.preqin.com/data/profile/investor/widjaja-family-investment-office/521155,"Confirm current ownership, regional presence and appropriate adviser route before approach. | Risk level: Standard | Source type: Public website / public source | Email to verify through public website/contact route before outreach.",care@sinarmas.org,Official public group contact email,https://www.sinarmas.com/en/contact-us/ | https://smdv.com/,Use Sinar Mas general contact or SMDV route; verify right contact before approach.,7/1/2026,TBP_Family_Office_Generated_Lists_Fresh_Master.xlsx,SMDV — Sinar Mas Digital Ventures
Southeast Asia,Indonesia,Jakarta,Lippo Group / Riady family / Venturra Capital,Family-controlled conglomerate / venture platform,Jakarta,,Family-controlled conglomerate / venture platform,Family office services / private wealth / stewardship; Logistics / ports / trade corridors; Infrastructure / real estate / development; Technology / digital infrastructure / venture,"Real estate, healthcare, retail, financial services, education and Southeast Asia technology.",Indonesia / Southeast Asia Neutral Trade Corridor; Family Office Circle,Legal/compliance review first; then adviser-led or warm-introduction route only,Irene,14,17,18,10,13,6,78,Strong Potential Prospect,Priority,Identified,Indicative scored – review required,https://lippogroup.com/,"Confirm current ownership, regional presence and appropriate adviser route before approach. | Risk level: Enhanced diligence | Source type: Public website / public source | Email to verify through public website/contact route before outreach.",corsec@lippokarawaci.co.id,Official public corporate secretary email,https://www.lippokarawaci.co.id/en/investor-relations/contact-us,Use corporate secretary/IR route where relevant; verify Venturra route separately for VC discussions.,7/1/2026,TBP_Family_Office_Generated_Lists_Fresh_Master.xlsx,
Southeast Asia,Indonesia,Jakarta,Panin Group / Gunawan family,Banking / insurance / family-controlled financial group,Jakarta,,Banking / insurance / family-controlled financial group,Family office services / private wealth / stewardship; Logistics / ports / trade corridors; Financial services / private capital / investment,Financial-sector prospect or adviser route; banking and insurance exposure.,Indonesia / Southeast Asia Neutral Trade Corridor; Family Office Circle,Website / corporate development / adviser introduction / sector forum,Irene,17,15,17,11,12,6,78,Strong Potential Prospect,High,Identified,Indicative scored – review required,https://www.reuters.com/markets/deals/anz-gunawan-family-consider-selling-control-indonesias-panin-bank-sources-say-2024-10-03/,"Confirm current ownership, regional presence and appropriate adviser route before approach. | Risk level: Standard | Source type: Public website / public source | Email to verify through public website/contact route before outreach.",panin@panin.co.id,Official public bank email,https://www.panin.co.id/en/web/guest/contact-us,Bank contact; use institutional route and avoid framing as broad investment solicitation.,7/1/2026,TBP_Family_Office_Generated_Lists_Fresh_Master.xlsx,
Southeast Asia,Indonesia,Surabaya / Jakarta,Wings Group / Katuari & Sutanto families,Family-controlled FMCG group,Surabaya / Jakarta,,Family-controlled FMCG group,Family office services / private wealth / stewardship; Logistics / ports / trade corridors; Manufacturing / food / agribusiness / consumer,"Consumer supply chains, manufacturing and export distribution relevance.",Indonesia / Southeast Asia Neutral Trade Corridor; Family Office Circle,Website / corporate development / adviser introduction / sector forum,Irene,17,15,17,11,12,6,78,Strong Potential Prospect,High,Identified,Indicative scored – review required,https://wingscorp.com/about-us/,"Confirm current ownership, regional presence and appropriate adviser route before approach. | Risk level: Standard | Source type: Public website / public source | Email to verify through public website/contact route before outreach.",Contact form / phone route; privacy@wingscorp.com is privacy-only,Purpose-limited email / contact route,https://wingscorp.com/contact-us/ | https://wingscorp.com/privacy-policy/,Do not use privacy email for investor outreach. Use official contact form/phone or warm introduction.,7/1/2026,TBP_Family_Office_Generated_Lists_Fresh_Master.xlsx,
Southeast Asia,Indonesia,Bali / Jakarta,Bali / Indonesia Family Office Hub Initiative,Jurisdiction / future family office gateway,Bali / Jakarta,,Jurisdiction / future family office gateway,Family office services / private wealth / stewardship; Logistics / ports / trade corridors,Strategic route for future family-office hub engagement competing with Singapore/Hong Kong/Gulf hubs.,Indonesia / Southeast Asia Neutral Trade Corridor; Family Office Circle,Website / corporate development / adviser introduction / sector forum,Irene,17,14,15,12,11,8,77,Strong Potential Prospect,Gateway,Identified,Indicative scored – review required,https://www.businesstimes.com.sg/international/asean/indonesia-aims-draw-single-family-offices-holiday-island-bali,"Confirm current ownership, regional presence and appropriate adviser route before approach. | Risk level: Standard | Source type: Public website / public source | Email to verify through public website/contact route before outreach.",No direct email - use government / policy / conference route,No public email identified,https://www.businesstimes.com.sg/international/asean/indonesia-aims-draw-single-family-offices-holiday-island-bali,"Policy initiative, not a prospect. Use official government/investment forum routes.",7/1/2026,TBP_Family_Office_Generated_Lists_Fresh_Master.xlsx,
Southeast Asia,Indonesia,Jakarta,Kalbe Farma / Setiawan family,Healthcare / pharmaceutical family enterprise,Jakarta,,Healthcare / pharmaceutical family enterprise,Family office services / private wealth / stewardship; Logistics / ports / trade corridors; Infrastructure / real estate / development; Healthcare / life sciences,Healthcare infrastructure and Southeast Asia distribution relevance.,Indonesia / Southeast Asia Neutral Trade Corridor; Family Office Circle,Website / corporate development / adviser introduction / sector forum,Irene,16,15,17,11,12,6,77,Strong Potential Prospect,High,Identified,Indicative scored – review required,https://www.kalbe.co.id/,"Confirm current ownership, regional presence and appropriate adviser route before approach. | Risk level: Standard | Source type: Public website / public source | Email to verify through public website/contact route before outreach.",corp.comm@kalbecorp.com; investor.relations@kalbecorp.com,Official public email,https://www.kalbe.co.id/contact-us | https://www.kalbe.co.id/investor-relations/contact-ir,Use corporate communications or investor relations depending on message context.,7/1/2026,TBP_Family_Office_Generated_Lists_Fresh_Master.xlsx,
Southeast Asia,Indonesia,Jakarta,MNC Group / Hary Tanoesoedibjo family,"Founder-led conglomerate / media, finance, tourism, energy",Jakarta,,"Founder-led conglomerate / media, finance, tourism, energy",Family office services / private wealth / stewardship; Logistics / ports / trade corridors; Infrastructure / real estate / development; Energy / renewables / industrial infrastructure,"Media, financial services, tourism, property and energy relevance.",Indonesia / Southeast Asia Neutral Trade Corridor; Family Office Circle,Legal/compliance review first; then adviser-led or warm-introduction route only,Irene,16,15,17,10,12,6,76,Strong Potential Prospect,High,Identified,Indicative scored – review required,https://mnctourismindonesia.com/philosophy,"Confirm current ownership, regional presence and appropriate adviser route before approach. | Risk level: Enhanced diligence | Source type: Public website / public source | Email to verify through public website/contact route before outreach.",corporate.secretary@mncland.com,Official public corporate secretary email,https://mncland.com/contact-us/ | https://mnctourismindonesia.com/philosophy,Use listed corporate secretary/contact route; verify relevant MNC unit.,7/1/2026,TBP_Family_Office_Generated_Lists_Fresh_Master.xlsx,
Southeast Asia,Indonesia,Jakarta,Mayapada Group / Tahir family,"Family-controlled group / banking, healthcare, real estate",Jakarta,,"Family-controlled group / banking, healthcare, real estate",Family office services / private wealth / stewardship; Logistics / ports / trade corridors; Infrastructure / real estate / development; Financial services / private capital / investment,"Healthcare, banking, philanthropy and strategic capital relevance.",Indonesia / Southeast Asia Neutral Trade Corridor; Family Office Circle,Website / corporate development / adviser introduction / sector forum,Irene,9,17,18,12,13,7,76,Strong Potential Prospect,Priority,Identified,Indicative scored – review required,https://mayapadagroup.com/about-us/,"Confirm current ownership, regional presence and appropriate adviser route before approach. | Risk level: Standard | Source type: Public website / public source | Email to verify through public website/contact route before outreach.",info@mayapadagroup.com,Official public email,https://mayapadagroup.com/contact/,Use general office email or warm introduction.,7/1/2026,TBP_Family_Office_Generated_Lists_Fresh_Master.xlsx,
Southeast Asia,Indonesia,Jakarta,PwC Indonesia Family Office / Wealth Compass,Adviser / family office service channel,Jakarta,,Adviser / family office service channel,Family office services / private wealth / stewardship; Logistics / ports / trade corridors,Family office offering and UHNW/private capital structuring channel.,Indonesia / Southeast Asia Neutral Trade Corridor; Family Office Circle,Website / advisory relationship / warm introduction,Irene,16,14,14,12,10,8,74,Strong Potential Prospect,Channel,Identified,Indicative scored – review required,https://www.pwc.com/id/en/media-centre/press-release/2023/english/launching-of-pwc-indonesia-family-office-building-trust.html,"Confirm current ownership, regional presence and appropriate adviser route before approach. | Risk level: Standard | Source type: Public website / public source | Email to verify through public website/contact route before outreach.",id_contactus@pwc.com,Official public email,https://www.pwc.com/id/en/about-us/contact-us.html | https://www.pwc.com/id/en/media-centre/press-release/2023/english/launching-of-pwc-indonesia-family-office-building-trust.html,"Adviser route, not investor prospect. Useful for family-office structuring/introduction channel.",7/1/2026,TBP_Family_Office_Generated_Lists_Fresh_Master.xlsx,
Southeast Asia,Indonesia,Jakarta,Ciputra Group / Ciputra family,Family-controlled real estate group,Jakarta,,Family-controlled real estate group,Family office services / private wealth / stewardship; Logistics / ports / trade corridors; Infrastructure / real estate / development,Real estate-to-trade-infrastructure fit for TBP Neutral Trade City thesis.,Indonesia / Southeast Asia Neutral Trade Corridor; Family Office Circle,Website / corporate development / adviser introduction / sector forum,Irene,9,17,17,11,12,6,72,Strong Potential Prospect,High,Identified,Indicative scored – review required,https://www.ciputra.com/en/company-2/,"Confirm current ownership, regional presence and appropriate adviser route before approach. | Risk level: Standard | Source type: Public website / public source | Email to verify through public website/contact route before outreach.",investor@ciputra.com,Official public investor email,https://www.ciputra.com/en/investor-relations/contact-us/,Use investor relations route; avoid using WBS emails for outreach.,7/1/2026,TBP_Family_Office_Generated_Lists_Fresh_Master.xlsx,
Southeast Asia,Indonesia,Jakarta,EY Indonesia Family Office Services,Adviser / family enterprise channel,Jakarta,,Adviser / family enterprise channel,Family office services / private wealth / stewardship; Logistics / ports / trade corridors,"Family office governance, strategy, risk and reporting channel.",Indonesia / Southeast Asia Neutral Trade Corridor; Family Office Circle,Website / advisory relationship / warm introduction,Irene,12,14,14,12,10,8,70,Strong Potential Prospect,Channel,Identified,Indicative scored – review required,https://www.ey.com/en_id/services/family-enterprise/family-office,"Confirm current ownership, regional presence and appropriate adviser route before approach. | Risk level: Standard | Source type: Public website / public source | Email to verify through public website/contact route before outreach.",Contact form / EY office route; no general email captured,Official contact route only,https://www.ey.com/en_id/services/family-enterprise/family-office | https://www.ey.com/en_id/locations/indonesia,Adviser route. Use EY contact forms/office route.,7/1/2026,TBP_Family_Office_Generated_Lists_Fresh_Master.xlsx,
Southeast Asia,Indonesia,Jakarta,Bakrie Group / Bakrie family,Family-controlled conglomerate,Jakarta,,Family-controlled conglomerate,Family office services / private wealth / stewardship; Logistics / ports / trade corridors; Infrastructure / real estate / development; Manufacturing / food / agribusiness / consumer,"Manufacturing, infrastructure, mining, property, plantations, media and telecoms; diligence-sensitive.",Indonesia / Southeast Asia Neutral Trade Corridor; Family Office Circle,Legal/compliance review first; then adviser-led or warm-introduction route only,Irene,17,12,13,8,9,5,64,Monitor / Secondary Prospect,Monitor / EDD,Identified,Indicative scored – review required,https://bakrie-brothers.com/,"Confirm current ownership, regional presence and appropriate adviser route before approach. | Risk level: High / reputational diligence | Source type: Public website / public source | Email to verify through public website/contact route before outreach.",bnbr.corcomm@bakrie.co.id; ir@bakrie.co.id,Official public email,https://bakrie-brothers.com/contact-us/ | https://bakrie-brothers.com/investor-relations/,Use corporate communications/IR route; diligence-sensitive prospect.,7/1/2026,TBP_Family_Office_Generated_Lists_Fresh_Master.xlsx,
Southeast Asia,Malaysia,Kuala Lumpur,Hong Leong Group Malaysia / Quek family,"Family-controlled financial, property and industrial group",Kuala Lumpur / Malaysia,,"Family-controlled financial, property and industrial group",Family office services / private wealth / stewardship; Logistics / ports / trade corridors; Infrastructure / real estate / development; Manufacturing / food / agribusiness / consumer,"Financial services, property and manufacturing; regional private capital relevance.",Malaysia Family Office & Private Capital Map; Southeast Asia corridor; Islamic capital; ports/logistics,Website / corporate development / adviser introduction / sector forum,Irene,18,17,18,12,13,7,85,Priority Founding Steward Prospect,Priority,Identified,Indicative scored – review required,https://www.forbes.com/profile/kwek-quek/,Malaysia is emerging as a family-office hub; validate Forest City/SFO relevance and adviser route. | Risk level: Standard | Source type: Public website / public source | Email to verify through public website/contact route before outreach.,No public email found - use official group/private bank route or warm introduction,No public email identified,https://www.hongleong.com.my/ | https://www.forbes.com/profile/kwek-quek/,Use warm intro/private banking/adviser route; verify group-level email before approach.,7/1/2026,TBP_Family_Office_Generated_Lists_Fresh_Master.xlsx,
Southeast Asia,Malaysia,Kuala Lumpur,IOI Group / Lee family,Family-controlled palm oil and property group,Kuala Lumpur / Malaysia,,Family-controlled palm oil and property group,Family office services / private wealth / stewardship; Logistics / ports / trade corridors; Infrastructure / real estate / development; Manufacturing / food / agribusiness / consumer,"Agribusiness, real estate, Singapore-Malaysia assets and long-term capital management.",Malaysia Family Office & Private Capital Map; Southeast Asia corridor; Islamic capital; ports/logistics,Website / corporate development / adviser introduction / sector forum,Irene,18,17,18,12,13,7,85,Priority Founding Steward Prospect,Priority,Identified,Indicative scored – review required,https://www.ioigroup.com/about-us/our-founder/,Malaysia is emerging as a family-office hub; validate Forest City/SFO relevance and adviser route. | Risk level: Standard | Source type: Public website / public source | Email to verify through public website/contact route before outreach.,investor.relations@ioigroup.com,Official public investor email,https://www.ioigroup.com/Contact-Us,Use investor relations contact for formal institutional discussion.,7/1/2026,TBP_Family_Office_Generated_Lists_Fresh_Master.xlsx,
Southeast Asia,Malaysia,Kuala Lumpur,Kuok Group / Kuok family,Family conglomerate / family-office-style platform,Kuala Lumpur / Malaysia,,Family conglomerate / family-office-style platform,Family office services / private wealth / stewardship; Logistics / ports / trade corridors; Manufacturing / food / agribusiness / consumer,"Properties, logistics, hospitality, food, agribusiness and maritime; family business origin in Johor Bahru.",Malaysia Family Office & Private Capital Map; Southeast Asia corridor; Islamic capital; ports/logistics,Website / corporate development / adviser introduction / sector forum,Irene,18,17,18,12,13,7,85,Priority Founding Steward Prospect,Priority,Identified,Indicative scored – review required,https://www.kuokgroup.com/,Malaysia is emerging as a family-office hub; validate Forest City/SFO relevance and adviser route. | Risk level: Standard | Source type: Public website / public source | Email to verify through public website/contact route before outreach.,No main group email captured - use contact page/office route,Contact route only,https://www.kuokgroup.com/,Group has multiple constituent businesses; verify appropriate unit before outreach.,7/1/2026,TBP_Family_Office_Generated_Lists_Fresh_Master.xlsx,
Southeast Asia,Malaysia,Kuala Lumpur,Naza Group / Nasimuddin family,Family-controlled conglomerate / investment portfolio,Kuala Lumpur / Malaysia,,Family-controlled conglomerate / investment portfolio,Family office services / private wealth / stewardship; Logistics / ports / trade corridors; Infrastructure / real estate / development; Financial services / private capital / investment,"Automotive, property, construction, asset management, infrastructure, plantations and hospitality.",Malaysia Family Office & Private Capital Map; Southeast Asia corridor; Islamic capital; ports/logistics,Website / corporate development / adviser introduction / sector forum,Irene,18,17,18,12,13,7,85,Priority Founding Steward Prospect,Priority,Identified,Indicative scored – review required,https://naza.com.my/,Malaysia is emerging as a family-office hub; validate Forest City/SFO relevance and adviser route. | Risk level: Standard | Source type: Public website / public source | Email to verify through public website/contact route before outreach.,nazapr@naza.com.my,Official public PR/media email,https://naza.com.my/contact-us/,PR/media contact; use warm introduction for principal/family office route.,7/1/2026,TBP_Family_Office_Generated_Lists_Fresh_Master.xlsx,
Southeast Asia,Malaysia,Kuala Lumpur,Sunway Group / Jeffrey Cheah ecosystem,Founder-led conglomerate / foundation-backed stewardship model,Kuala Lumpur / Malaysia,,Founder-led conglomerate / foundation-backed stewardship model,Family office services / private wealth / stewardship; Logistics / ports / trade corridors; Infrastructure / real estate / development; Healthcare / life sciences,"Property, construction, healthcare, education, sustainability and governance positioning.",Malaysia Family Office & Private Capital Map; Southeast Asia corridor; Islamic capital; ports/logistics,Website / corporate development / adviser introduction / sector forum,Irene,18,17,18,12,13,7,85,Priority Founding Steward Prospect,Priority,Identified,Indicative scored – review required,https://www.sunway.com.my/founder-and-chairman/,Malaysia is emerging as a family-office hub; validate Forest City/SFO relevance and adviser route. | Risk level: Standard | Source type: Public website / public source | Email to verify through public website/contact route before outreach.,irsunwayberhad@sunway.com,Official public investor relations email,https://www.sunway.com.my/contact-us/ | https://www.sunway.com.my/investor-relations/,Use investor relations or corporate contact route.,7/1/2026,TBP_Family_Office_Generated_Lists_Fresh_Master.xlsx,
Southeast Asia,Malaysia,Kuala Lumpur,UTSB Management / Usaha Tegas,Single-family office / investment holding company,Kuala Lumpur / Malaysia,,Single-family office / investment holding company,Family office services / private wealth / stewardship; Logistics / ports / trade corridors; Financial services / private capital / investment,"Formal family-office-style target linked to Usaha Tegas; interests include telecom, media and offshore/marine assets.",Malaysia Family Office & Private Capital Map; Southeast Asia corridor; Islamic capital; ports/logistics,Website / corporate development / adviser introduction / sector forum,Irene,18,17,18,12,13,7,85,Priority Founding Steward Prospect,Priority,Identified,Indicative scored – review required,https://www.preqin.com/data/profile/investor/utsb-management/77004,Malaysia is emerging as a family-office hub; validate Forest City/SFO relevance and adviser route. | Risk level: Standard | Source type: Public website / public source | Email to verify through public website/contact route before outreach.,No public email found - use official/adviser/warm introduction route,No public email identified,https://www.preqin.com/data/profile/investor/utsb-management/77004,Single-family-office-style prospect; use warm intro/adviser route.,7/1/2026,TBP_Family_Office_Generated_Lists_Fresh_Master.xlsx,
Southeast Asia,Malaysia,Kuala Lumpur,Westports Holdings / Gnanalingam family,Port and logistics family enterprise,Kuala Lumpur / Malaysia,,Port and logistics family enterprise,Family office services / private wealth / stewardship; Logistics / ports / trade corridors,"Highly relevant to maritime, port and trade corridor themes.",Malaysia Family Office & Private Capital Map; Southeast Asia corridor; Islamic capital; ports/logistics,Website / corporate development / adviser introduction / sector forum,Irene,18,17,18,12,13,7,85,Priority Founding Steward Prospect,Priority,Identified,Indicative scored – review required,https://www.westportsholdings.com/about-us/board-of-directors/,Malaysia is emerging as a family-office hub; validate Forest City/SFO relevance and adviser route. | Risk level: Standard | Source type: Public website / public source | Email to verify through public website/contact route before outreach.,pr@westports.com.my; chang@westports.com.my,Official public contact / investor relations emails,https://www.westportsholdings.com/contact-us/ | https://www.westportsholdings.com/investor-relations/,Strong port/logistics alignment; use official PR/IR route.,7/1/2026,TBP_Family_Office_Generated_Lists_Fresh_Master.xlsx,
Southeast Asia,Malaysia,Kuala Lumpur,YTL Corporation / Yeoh family,Family-controlled infrastructure conglomerate,Kuala Lumpur / Malaysia,,Family-controlled infrastructure conglomerate,Family office services / private wealth / stewardship; Logistics / ports / trade corridors; Infrastructure / real estate / development; Energy / renewables / industrial infrastructure,"Integrated infrastructure developer with energy, property, hospitality, technology and international assets.",Malaysia Family Office & Private Capital Map; Southeast Asia corridor; Islamic capital; ports/logistics,Website / corporate development / adviser introduction / sector forum,Irene,18,17,18,12,13,7,85,Priority Founding Steward Prospect,Priority,Identified,Indicative scored – review required,https://www.ytl.com/aboutus/,Malaysia is emerging as a family-office hub; validate Forest City/SFO relevance and adviser route. | Risk level: Standard | Source type: Public website / public source | Email to verify through public website/contact route before outreach.,corpsecretariat@ytl.com,Official/public corporate secretariat email,https://www.ytl.com/aboutus/contact.asp | https://www.ytl.com/investor-relations/,Use corporate secretariat or investor route; verify current contact.,7/1/2026,TBP_Family_Office_Generated_Lists_Fresh_Master.xlsx,
Southeast Asia,Malaysia,Kuala Lumpur,Creador,Private equity / growth capital,Kuala Lumpur / Malaysia,,Private equity / growth capital,Family office services / private wealth / stewardship; Logistics / ports / trade corridors; Financial services / private capital / investment,Growth private equity across South and Southeast Asia with medium-to-long-term approach.,Malaysia Family Office & Private Capital Map; Southeast Asia corridor; Islamic capital; ports/logistics,Website / investor relations / ecosystem introduction,Irene,14,16,17,12,13,8,80,Priority Founding Steward Prospect,Priority / Channel,Identified,Indicative scored – review required,https://creador.com/about/our-story/,Malaysia is emerging as a family-office hub; validate Forest City/SFO relevance and adviser route. | Risk level: Standard | Source type: Public website / public source | Email to verify through public website/contact route before outreach.,Contact form / office route; no email captured,Official contact route only,https://creador.com/contact/,Private equity channel. Use contact form/office route.,7/1/2026,TBP_Family_Office_Generated_Lists_Fresh_Master.xlsx,
Southeast Asia,Malaysia,Kuala Lumpur,RHL Ventures,Multi-family private investment / VC platform,Kuala Lumpur / Malaysia,,Multi-family private investment / VC platform,Family office services / private wealth / stewardship; Logistics / ports / trade corridors; Technology / digital infrastructure / venture; Financial services / private capital / investment,Southeast Asia venture/private capital with family funds and long-term growth focus.,Malaysia Family Office & Private Capital Map; Southeast Asia corridor; Islamic capital; ports/logistics,Website / advisory relationship / warm introduction,Irene,14,16,17,12,13,8,80,Priority Founding Steward Prospect,Priority / Channel,Identified,Indicative scored – review required,https://www.rhl.vc/,Malaysia is emerging as a family-office hub; validate Forest City/SFO relevance and adviser route. | Risk level: Standard | Source type: Public website / public source | Email to verify through public website/contact route before outreach.,info@rhl.vc,Official public email,https://www.rhl.vc/contact/,Venture/private capital route.,7/1/2026,TBP_Family_Office_Generated_Lists_Fresh_Master.xlsx,
Southeast Asia,Malaysia,Kuala Lumpur,Genting Group / Lim family,"Family-controlled leisure, hospitality, energy and plantation group",Kuala Lumpur / Malaysia,,"Family-controlled leisure, hospitality, energy and plantation group",Family office services / private wealth / stewardship; Logistics / ports / trade corridors; Infrastructure / real estate / development; Energy / renewables / industrial infrastructure,"Tourism, hospitality, infrastructure, energy and global footprint.",Malaysia Family Office & Private Capital Map; Southeast Asia corridor; Islamic capital; ports/logistics,Website / corporate development / adviser introduction / sector forum,Irene,17,15,17,11,12,6,78,Strong Potential Prospect,High,Identified,Indicative scored – review required,https://www.genting.com/senior-management/,Malaysia is emerging as a family-office hub; validate Forest City/SFO relevance and adviser route. | Risk level: Standard | Source type: Public website / public source | Email to verify through public website/contact route before outreach.,gbinfo@genting.com; info@genting.com,Official public emails,https://www.genting.com/contact-us/,Use general corporate contact route; verify relevant unit.,7/1/2026,TBP_Family_Office_Generated_Lists_Fresh_Master.xlsx,
Southeast Asia,Malaysia,Kuala Lumpur,Mamee-Double Decker / Pang family,Family-owned FMCG / export business,Kuala Lumpur / Malaysia,,Family-owned FMCG / export business,Family office services / private wealth / stewardship; Logistics / ports / trade corridors; Manufacturing / food / agribusiness / consumer,Family business with export/distribution relevance across ASEAN.,Malaysia Family Office & Private Capital Map; Southeast Asia corridor; Islamic capital; ports/logistics,Website / corporate development / adviser introduction / sector forum,Irene,17,15,17,11,12,6,78,Strong Potential Prospect,High,Identified,Indicative scored – review required,https://mamee.com/about-us/,Malaysia is emerging as a family-office hub; validate Forest City/SFO relevance and adviser route. | Risk level: Standard | Source type: Public website / public source | Email to verify through public website/contact route before outreach.,hello@mamee.com.my; export@mamee.com.my,Official public emails,https://mamee.com/contact-us/ | https://mamee.com/export/,Use hello/general route or export route depending on context.,7/1/2026,TBP_Family_Office_Generated_Lists_Fresh_Master.xlsx,
Southeast Asia,Malaysia,Kuala Lumpur,Albukhary Foundation / Syed Mokhtar Albukhary ecosystem,Philanthropic foundation / family-linked strategic business ecosystem,Kuala Lumpur / Malaysia,,Philanthropic foundation / family-linked strategic business ecosystem,Family office services / private wealth / stewardship; Logistics / ports / trade corridors; Infrastructure / real estate / development,"Infrastructure, philanthropy, education, ports and Islamic capital themes.",Malaysia Family Office & Private Capital Map; Southeast Asia corridor; Islamic capital; ports/logistics,Legal/compliance review first; then adviser-led or warm-introduction route only,Irene,17,15,17,10,12,6,77,Strong Potential Prospect,High,Identified,Indicative scored – review required,https://albukharyfoundation.my/our-story/about-us/,Malaysia is emerging as a family-office hub; validate Forest City/SFO relevance and adviser route. | Risk level: Enhanced diligence | Source type: Public website / public source | Email to verify through public website/contact route before outreach.,Contact form only - no public email captured,Official contact route only,https://albukharyfoundation.my/contact-us/,Foundation route; use caution separating philanthropic and business ecosystem interests.,7/1/2026,TBP_Family_Office_Generated_Lists_Fresh_Master.xlsx,
Southeast Asia,Malaysia,Kuala Lumpur,Berjaya Corporation / Vincent Tan family,Founder-led diversified conglomerate,Kuala Lumpur / Malaysia,,Founder-led diversified conglomerate,Family office services / private wealth / stewardship; Logistics / ports / trade corridors; Infrastructure / real estate / development; Technology / digital infrastructure / venture,"Property, hospitality, retail, telecom, consumer platforms and clean technology.",Malaysia Family Office & Private Capital Map; Southeast Asia corridor; Islamic capital; ports/logistics,Website / corporate development / adviser introduction / sector forum,Irene,16,15,17,11,12,6,77,Strong Potential Prospect,High,Identified,Indicative scored – review required,https://www.berjaya.com/about-us/our-founder-and-advisor/,Malaysia is emerging as a family-office hub; validate Forest City/SFO relevance and adviser route. | Risk level: Standard | Source type: Public website / public source | Email to verify through public website/contact route before outreach.,ir@berjaya.com.my; corpcom@berjaya.com.my,Official public emails,https://www.berjaya.com/investor-relations/ | https://www.berjaya.com/contact/,Use IR/corporate communications route.,7/1/2026,TBP_Family_Office_Generated_Lists_Fresh_Master.xlsx,
Southeast Asia,Malaysia,Kuala Lumpur,COPE Private Equity,Malaysia-based private equity,Kuala Lumpur / Malaysia,,Malaysia-based private equity,Family office services / private wealth / stewardship; Logistics / ports / trade corridors; Financial services / private capital / investment,Shariah-compliant private equity for small and mid-cap growth companies.,Malaysia Family Office & Private Capital Map; Southeast Asia corridor; Islamic capital; ports/logistics,Website / investor relations / ecosystem introduction,Irene,12,14,14,12,10,8,70,Strong Potential Prospect,Channel,Identified,Indicative scored – review required,https://zw.linkedin.com/company/cope-private-equity,Malaysia is emerging as a family-office hub; validate Forest City/SFO relevance and adviser route. | Risk level: Standard | Source type: Public website / public source | Email to verify through public website/contact route before outreach.,info@copepartners.com,Official public email,https://www.copepartners.com/,Private equity channel; good for capital/adviser mapping.,7/1/2026,TBP_Family_Office_Generated_Lists_Fresh_Master.xlsx,
Southeast Asia,Malaysia,Kuala Lumpur,EY Malaysia Family Office,Adviser / family enterprise channel,Kuala Lumpur / Malaysia,,Adviser / family enterprise channel,Family office services / private wealth / stewardship; Logistics / ports / trade corridors; Technology / digital infrastructure / venture,"Family office governance, risk, technology and reporting channel.",Malaysia Family Office & Private Capital Map; Southeast Asia corridor; Islamic capital; ports/logistics,Website / advisory relationship / warm introduction,Irene,12,14,14,12,10,8,70,Strong Potential Prospect,Channel,Identified,Indicative scored – review required,https://www.ey.com/en_my/services/family-enterprise/family-office,Malaysia is emerging as a family-office hub; validate Forest City/SFO relevance and adviser route. | Risk level: Standard | Source type: Public website / public source | Email to verify through public website/contact route before outreach.,Contact form / EY office route; no general email captured,Official contact route only,https://www.ey.com/en_my/services/family-enterprise/family-office | https://www.ey.com/en_my/locations/malaysia,Adviser route. Use official EY contact/office route.,7/1/2026,TBP_Family_Office_Generated_Lists_Fresh_Master.xlsx,
Southeast Asia,Malaysia,Kuala Lumpur,MAVCAP,Venture capital / government-linked VC platform,Kuala Lumpur / Malaysia,,Venture capital / government-linked VC platform,Family office services / private wealth / stewardship; Logistics / ports / trade corridors; Technology / digital infrastructure / venture,Key Malaysian VC ecosystem and innovation-capital channel.,Malaysia Family Office & Private Capital Map; Southeast Asia corridor; Islamic capital; ports/logistics,Website / investor relations / ecosystem introduction,Irene,9,17,14,12,10,8,70,Strong Potential Prospect,Channel,Identified,Indicative scored – review required,https://www.privateequityinternational.com/institution-profiles/mavcap.html,Malaysia is emerging as a family-office hub; validate Forest City/SFO relevance and adviser route. | Risk level: Standard | Source type: Public website / public source | Email to verify through public website/contact route before outreach.,enquiries@mavcap.com,Public email - third-party/verify against official site,https://www.privateequityinternational.com/institution-profiles/mavcap.html | https://findit.org.tw/en/CVCs/148,Verify against official MAVCAP site before outreach.,7/1/2026,TBP_Family_Office_Generated_Lists_Fresh_Master.xlsx,
Southeast Asia,Malaysia,Kuala Lumpur,Maybank Family Office / Private Wealth route,Private bank / family-office gateway,Kuala Lumpur / Malaysia,,Private bank / family-office gateway,Family office services / private wealth / stewardship; Logistics / ports / trade corridors; Financial services / private capital / investment,"Private wealth, Islamic finance and Malaysia family-office hub access route.",Malaysia Family Office & Private Capital Map; Southeast Asia corridor; Islamic capital; ports/logistics,Website / advisory relationship / warm introduction,Irene,12,14,14,12,10,8,70,Strong Potential Prospect,Channel,Identified,Indicative scored – review required,https://www.maybank.com/en/blogs/2025/06/09.page,Malaysia is emerging as a family-office hub; validate Forest City/SFO relevance and adviser route. | Risk level: Standard | Source type: Public website / public source | Email to verify through public website/contact route before outreach.,No direct email captured - use Maybank private wealth/contact route,Official contact route only,https://www.maybank.com/en/blogs/2025/06/09.page,"Adviser/private bank route, not a family office prospect.",7/1/2026,TBP_Family_Office_Generated_Lists_Fresh_Master.xlsx,
Southeast Asia,Malaysia,Kuala Lumpur,Navis Capital Partners,Private equity / regional buyout platform,Kuala Lumpur / Malaysia,,Private equity / regional buyout platform,Family office services / private wealth / stewardship; Logistics / ports / trade corridors; Financial services / private capital / investment,Experienced regional fund manager and private equity channel.,Malaysia Family Office & Private Capital Map; Southeast Asia corridor; Islamic capital; ports/logistics,Website / investor relations / ecosystem introduction,Irene,14,14,15,11,10,6,70,Strong Potential Prospect,Channel,Identified,Indicative scored – review required,https://www.naviscapital.com/,Malaysia is emerging as a family-office hub; validate Forest City/SFO relevance and adviser route. | Risk level: Standard | Source type: Public website / public source | Email to verify through public website/contact route before outreach.,investorrelations@naviscapital.com; rmuse@naviscapital.com; nbloy@naviscapital.com; mmills@naviscapital.com,Official public/press emails,https://www.naviscapital.com/contact/ | https://www.naviscapital.com/news/,Use investor relations first; personal press contacts only if context fits.,7/1/2026,TBP_Family_Office_Generated_Lists_Fresh_Master.xlsx,
Southeast Asia,Malaysia,Kuala Lumpur,PwC Malaysia Family Office,Adviser / family-office structuring channel,Kuala Lumpur / Malaysia,,Adviser / family-office structuring channel,Family office services / private wealth / stewardship; Logistics / ports / trade corridors,"Family office structuring, wealth transfer and governance channel.",Malaysia Family Office & Private Capital Map; Southeast Asia corridor; Islamic capital; ports/logistics,Website / advisory relationship / warm introduction,Irene,12,14,14,12,10,8,70,Strong Potential Prospect,Channel,Identified,Indicative scored – review required,https://www.pwc.com/my/en/services/private/family-office.html,Malaysia is emerging as a family-office hub; validate Forest City/SFO relevance and adviser route. | Risk level: Standard | Source type: Public website / public source | Email to verify through public website/contact route before outreach.,my_info@pwc.com,Official public email,https://www.pwc.com/my/en/aboutus/contact.html | https://www.pwc.com/my/en/services/private/family-office.html,Adviser route; family office page also lists named contacts behind email links.,7/1/2026,TBP_Family_Office_Generated_Lists_Fresh_Master.xlsx,
North America,United States,New York / New Jersey,DFO Management,Single-family office / private investment office,New York / New Jersey,,Single-family office / private investment office,Family office services / private wealth / stewardship; Logistics / ports / trade corridors; Financial services / private capital / investment,Family investment office of Michael Dell; flexible global investment activity.,New York/Newark North America Neutral Trade Corridor; Family Office Circle,Website / corporate development / adviser introduction / sector forum,Irene / Capital Advisory Team,18,17,18,12,13,7,85,Priority Founding Steward Prospect,Priority,Identified,Indicative scored – review required,https://www.dellfamilyoffice.com/,"Validate latest public profile, decision-maker route and suitability before outreach. | Risk level: Standard | Source type: Public website / public source | Email to verify through public website/contact route before outreach.",Email Us form only; no public email address listed,No public email / contact route only,https://www.dellfamilyoffice.com/contacts | https://www.dellfamilyoffice.com/leadership,Official contact page warns not to send confidential information and refers submissions to its Submissions Policy.,7/1/2026,TBP_Family_Office_Generated_Lists_Fresh_Master.xlsx,
North America,United States,New York / New Jersey,Lupa Systems,Private family holding / investment company,New York / New Jersey,,Private family holding / investment company,Family office services / private wealth / stewardship; Logistics / ports / trade corridors; Financial services / private capital / investment,James Murdoch-founded private holding company investing across asset classes and geographies.,New York/Newark North America Neutral Trade Corridor; Family Office Circle,Website / corporate development / adviser introduction / sector forum,Irene / Capital Advisory Team,18,17,18,12,13,7,85,Priority Founding Steward Prospect,Priority,Identified,Indicative scored – review required,https://lupasystems.com/,"Validate latest public profile, decision-maker route and suitability before outreach. | Risk level: Standard | Source type: Public website / public source | Email to verify through public website/contact route before outreach.",Info@LupaSystems.com,Official/public email or route - verify before outreach,https://lupasystems.com/ | https://www.linkedin.com/company/lupa-systems | https://www.privateequityinternational.com/institution-profiles/lupa-systems.html,Only general email found on official website; individual emails not publicly listed.,7/1/2026,TBP_Family_Office_Generated_Lists_Fresh_Master.xlsx,
North America,United States,New York / New Jersey,Wildcat Capital Management,Single-family office,New York / New Jersey,,Single-family office,Family office services / private wealth / stewardship; Logistics / ports / trade corridors; Financial services / private capital / investment,Founded as David Bonderman's single-family office; long-term partnership-oriented investment approach.,New York/Newark North America Neutral Trade Corridor; Family Office Circle,Website / corporate development / adviser introduction / sector forum,Irene / Capital Advisory Team,18,17,18,12,13,7,85,Priority Founding Steward Prospect,Priority,Identified,Indicative scored – review required,https://wildcatcap.com/,"Validate latest public profile, decision-maker route and suitability before outreach. | Risk level: Standard | Source type: Public website / public source | Email to verify through public website/contact route before outreach.",info@wildcatcap.com,Third-party/verify before use,https://www.wildcatcap.com/team | https://www.wildcatcap.com/contact | https://contactout.com/brian-rosenblatt-14653,Two direct individual emails are listed on Wildcat's official team page; Brian Rosenblatt email is third-party and should be verified.,7/1/2026,TBP_Family_Office_Generated_Lists_Fresh_Master.xlsx,
North America,United States,New York / New Jersey,Willett Advisors,Single-family office / philanthropic asset manager,New York / New Jersey,,Single-family office / philanthropic asset manager,Family office services / private wealth / stewardship; Logistics / ports / trade corridors; Infrastructure / real estate / development,"Manages Bloomberg philanthropic assets; civic, infrastructure and impact-adjacent relevance.",New York/Newark North America Neutral Trade Corridor; Family Office Circle,Website / corporate development / adviser introduction / sector forum,Irene / Capital Advisory Team,18,17,18,12,13,7,85,Priority Founding Steward Prospect,Priority,Identified,Indicative scored – review required,https://www.willettadvisors.com/,"Validate latest public profile, decision-maker route and suitability before outreach. | Risk level: Standard | Source type: Public website / public source | Email to verify through public website/contact route before outreach.",Not publicly listed on official website,No public email / contact route only,https://www.willettadvisors.com/ | https://www.premieralts.com/investors/willett-advisors/team | https://contactout.com/company/Willett-Advisors-LLC-9056,Official website provides limited contact details. Third-party emails require verification before any use.,7/1/2026,TBP_Family_Office_Generated_Lists_Fresh_Master.xlsx,
North America,United States,New York / New Jersey,Ziff Brothers Investments,Private family investment firm,New York / New Jersey,,Private family investment firm,Family office services / private wealth / stewardship; Logistics / ports / trade corridors; Financial services / private capital / investment,Private family investment firm based in New York City; broad investment activity.,New York/Newark North America Neutral Trade Corridor; Family Office Circle,Website / corporate development / adviser introduction / sector forum,Irene / Capital Advisory Team,18,17,18,12,13,7,85,Priority Founding Steward Prospect,Priority,Identified,Indicative scored – review required,https://www.linkedin.com/company/ziff-brothers-investments,"Validate latest public profile, decision-maker route and suitability before outreach. | Risk level: Standard | Source type: Public website / public source | Email to verify through public website/contact route before outreach.",Not publicly listed,No public email / contact route only,https://www.linkedin.com/company/ziff-brothers-investments | https://www.zoominfo.com/c/ziff-brothers-investments-llc/127631393 | https://leadershipandcharacter.wfu.edu/who-we-are-2/lc-council/dirk-ziff/,Private family investment firm; no verified public outreach email found.,7/1/2026,TBP_Family_Office_Generated_Lists_Fresh_Master.xlsx,
North America,United States,New York / New Jersey,Emigrant Capital / Emigrant Family Office,Family-owned bank investment arm / family office services platform,New York / New Jersey,,Family-owned bank investment arm / family office services platform,Family office services / private wealth / stewardship; Logistics / ports / trade corridors; Financial services / private capital / investment,Private investment division of Emigrant Bank; family-owned financial platform.,New York/Newark North America Neutral Trade Corridor; Family Office Circle,Website / advisory relationship / warm introduction,Irene / Capital Advisory Team,16,17,18,12,13,8,84,Priority Founding Steward Prospect,Priority,Identified,Indicative scored – review required,https://emigrantcapital.com/,"Validate latest public profile, decision-maker route and suitability before outreach. | Risk level: Standard | Source type: Public website / public source | Email to verify through public website/contact route before outreach.",inquiries@emigrantpartners.com; romeror@emigrant.com; campbellj@emigrant.com; rogersd@emigrant.com,Official/public email or route - verify before outreach,https://emigrantcapital.com/contact/ | https://emigrantpartners.com/team | https://emigrantpartners.com/faqs | https://www.prnewswire.com/news-releases/mark-rogozinski-joins-emigrant-bank-as-head-of-family-office-services-302453160.html | https://emigrantfamilyoffice.com/,Several official emails found for Emigrant Capital / Partners; use correct business unit depending on topic.,7/1/2026,TBP_Family_Office_Generated_Lists_Fresh_Master.xlsx,
North America,United States,New York / New Jersey,Soros Fund Management,Family office / global asset manager,New York / New Jersey,,Family office / global asset manager,Family office services / private wealth / stewardship; Logistics / ports / trade corridors,Global asset manager and family office with permanent-capital base.,New York/Newark North America Neutral Trade Corridor; Family Office Circle,Legal/compliance review first; then adviser-led or warm-introduction route only,Irene / Capital Advisory Team,18,17,18,10,13,6,82,Priority Founding Steward Prospect,Priority,Identified,Indicative scored – review required,https://sorosfundmgmt.com/,"Validate latest public profile, decision-maker route and suitability before outreach. | Risk level: Enhanced diligence | Source type: Public website / public source | Email to verify through public website/contact route before outreach.",No public contact email; official business communications use @soros.com only,No public email / contact route only,https://sorosfundmgmt.com/about/leadership/ | https://sorosfundmgmt.com/about/,High governance sensitivity. Treat as legal/compliance review first; no unsolicited outreach.,7/1/2026,TBP_Family_Office_Generated_Lists_Fresh_Master.xlsx,
North America,United States,New York / New Jersey,Rockefeller Global Family Office,Multi-family office / wealth platform,New York / New Jersey,,Multi-family office / wealth platform,Family office services / private wealth / stewardship; Logistics / ports / trade corridors,Institutional family-office brand; relevant for long-duration family capital positioning.,New York/Newark North America Neutral Trade Corridor; Family Office Circle,Website / advisory relationship / warm introduction,Irene / Capital Advisory Team,17,15,15,12,11,8,78,Strong Potential Prospect,Channel / High,Identified,Indicative scored – review required,https://www.rockco.com/rockefeller-global-family-office/,"Validate latest public profile, decision-maker route and suitability before outreach. | Risk level: Standard | Source type: Public website / public source | Email to verify through public website/contact route before outreach.",Request Introduction / Connect with a Private Advisor forms; no general email found,Existing NY contact enrichment,https://www.rockco.com/rockefeller-global-family-office/meet-our-leadership/ | https://www.rockco.com/about-rcm/contact/ | https://www.rockco.com/about-rcm/contact/our-office-locations/,Official site emphasizes connection through advisor/introduction forms rather than public email addresses.,7/1/2026,TBP_Family_Office_Generated_Lists_Fresh_Master.xlsx,
North America,United States,New York / New Jersey,Bessemer Trust,Multi-family office / private wealth / family office services,New York / New Jersey,,Multi-family office / private wealth / family office services,Family office services / private wealth / stewardship; Logistics / ports / trade corridors,Generational wealth and family office services platform; useful for NY/NJ corridor family capital mapping.,New York/Newark North America Neutral Trade Corridor; Family Office Circle,Website / advisory relationship / warm introduction,Irene / Capital Advisory Team,16,15,15,12,11,8,77,Strong Potential Prospect,Channel / High,Identified,Indicative scored – review required,https://www.bessemertrust.com/,"Validate latest public profile, decision-maker route and suitability before outreach. | Risk level: Standard | Source type: Public website / public source | Email to verify through public website/contact route before outreach.",Direct advisor emails listed for NY office; no single generic email used here,Existing NY contact enrichment,https://www.bessemertrust.com/offices/new-york-wealth-management,Official NY office page lists direct phone numbers and emails for multiple advisors.,7/1/2026,TBP_Family_Office_Generated_Lists_Fresh_Master.xlsx,
North America,United States,New York / New Jersey,Pathstone,Multi-family office / UHNW advisory,New York / New Jersey,,Multi-family office / UHNW advisory,Family office services / private wealth / stewardship; Logistics / ports / trade corridors,"UHNW families, legacy planning and long-term wealth stewardship; strong adviser channel.",New York/Newark North America Neutral Trade Corridor; Family Office Circle,Website / advisory relationship / warm introduction,Irene / Capital Advisory Team,16,15,15,12,11,8,77,Strong Potential Prospect,Channel / High,Identified,Indicative scored – review required,https://pathstone.com/,"Validate latest public profile, decision-maker route and suitability before outreach. | Risk level: Standard | Source type: Public website / public source | Email to verify through public website/contact route before outreach.",contact@pathstone.com; Pathstone Start a Conversation form,Official/public email or route - verify before outreach,https://pathstone.com/start-a-conversation/ | https://pathstone.com/people/matthew-fleissig/ | https://pathstone.com/people/kelly-maregni/ | https://pathstone.com/people/clay-cochran/ | https://pathstone.com/wp-content/uploads/2025/09/Digital-Infrastructure-Market-Overview-October-2024-1.pdf,contact@pathstone.com appears in Pathstone published materials; personal emails not found.,7/1/2026,TBP_Family_Office_Generated_Lists_Fresh_Master.xlsx,
North America,United States,New York / New Jersey,Soros Capital Management,Family office,New York / New Jersey,,Family office,Family office services / private wealth / stewardship; Logistics / ports / trade corridors,New York-based Soros-linked family office; distinguish from Soros Fund Management.,New York/Newark North America Neutral Trade Corridor; Family Office Circle,Legal/compliance review first; then adviser-led or warm-introduction route only,Irene / Capital Advisory Team,17,15,17,10,12,6,77,Strong Potential Prospect,High,Identified,Indicative scored – review required,https://www.soroscap.com/,"Validate latest public profile, decision-maker route and suitability before outreach. | Risk level: Enhanced diligence | Source type: Public website / public source | Email to verify through public website/contact route before outreach.",info@soroscap.com,Official/public email or route - verify before outreach,https://www.soroscap.com/contact-us/ | https://www.soroscap.com/team/ | https://www.soroscap.com/,General official email found; personal emails not publicly listed.,7/1/2026,TBP_Family_Office_Generated_Lists_Fresh_Master.xlsx,
North America,United States,New York / New Jersey,TAG Associates,Multi-family office / wealth management,New York / New Jersey,,Multi-family office / wealth management,Family office services / private wealth / stewardship; Logistics / ports / trade corridors,Independent wealth management and family office services platform.,New York/Newark North America Neutral Trade Corridor; Family Office Circle,Website / advisory relationship / warm introduction,Irene / Capital Advisory Team,17,14,14,12,10,8,75,Strong Potential Prospect,Channel,Identified,Indicative scored – review required,https://www.tagassoc.com/,"Validate latest public profile, decision-maker route and suitability before outreach. | Risk level: Standard | Source type: Public website / public source | Email to verify through public website/contact route before outreach.",Contact form / no general email found on official contact page,Third-party/verify before use,https://tagassoc.com/contact-us/ | https://tagassoc.com/how-we-serve-you/family-office/ | https://smartasset.com/financial-advisor/tag-associates-review | https://www.linkedin.com/in/neil-shapiro,No official public email identified; third-party sites show masked email only.,7/1/2026,TBP_Family_Office_Generated_Lists_Fresh_Master.xlsx,
North America,United States,New York / New Jersey,Citi Private Bank Family Office Group,Family office advisory / access channel,New York / New Jersey,,Family office advisory / access channel,Family office services / private wealth / stewardship; Logistics / ports / trade corridors; Financial services / private capital / investment,Important private bank access channel to family offices and private investment companies.,New York/Newark North America Neutral Trade Corridor; Family Office Circle,Website / corporate development / adviser introduction / sector forum,Irene / Capital Advisory Team,16,14,14,12,10,8,74,Strong Potential Prospect,Channel,Identified,Indicative scored – review required,https://privatebank.citibank.com/we-serve/family-offices,"Validate latest public profile, decision-maker route and suitability before outreach. | Risk level: Standard | Source type: Public website / public source | Email to verify through public website/contact route before outreach.",Contact form only for Citi Private Bank family-office services,Existing NY contact enrichment,https://www.privatebank.citibank.com/we-serve/family-offices | https://www.privatebank.citibank.com/contact-us | https://www.reuters.com/business/finance/citigroup-wealth-unit-taps-weintraub-ubs-lead-family-office-group-2024-03-20/ | https://www.reuters.com/business/finance/citigroup-appoints-chris-biotti-lead-private-bank-north-america-2025-02-26/,Private bank gateway; route should be relationship-led and client-eligibility aware.,7/1/2026,TBP_Family_Office_Generated_Lists_Fresh_Master.xlsx,
North America,United States,New York / New Jersey,Geller / Corient Family Office Business,Multi-family office / UHNW advisory,New York / New Jersey,,Multi-family office / UHNW advisory,Family office services / private wealth / stewardship; Logistics / ports / trade corridors,New York family-office capabilities now part of Corient; useful advisory channel.,New York/Newark North America Neutral Trade Corridor; Family Office Circle,Website / advisory relationship / warm introduction,Irene / Capital Advisory Team,16,14,14,12,10,8,74,Strong Potential Prospect,Channel,Identified,Indicative scored – review required,https://corient.com/us/en/news/Corient-Acquires-Multi-Family-Office-Business-of-Geller,"Validate latest public profile, decision-maker route and suitability before outreach. | Risk level: Standard | Source type: Public website / public source | Email to verify through public website/contact route before outreach.",Corient contact form; no general email found,Existing NY contact enrichment,https://corient.com/us/en/contact-us | https://www.gellerco.com/leadership/ | https://www.gellerco.com/leadership/martin-j-geller/ | https://corient.com/us/en/global-news/Corient-Acquires-Multi-Family-Office-Business-of-Geller | https://corient.com/us/en/about-us/executive-leadership,Geller MFO was acquired by Corient in 2025; external outreach should reference current Corient structure.,7/1/2026,TBP_Family_Office_Generated_Lists_Fresh_Master.xlsx,
North America,United States,New York / New Jersey,Glenmede,Private wealth / family office services,New York / New Jersey,,Private wealth / family office services,Family office services / private wealth / stewardship; Logistics / ports / trade corridors,Family office services with Princeton presence; relevant for New Jersey wealth access.,New York/Newark North America Neutral Trade Corridor; Family Office Circle,Website / advisory relationship / warm introduction,Irene / Capital Advisory Team,16,14,14,12,10,8,74,Strong Potential Prospect,Channel,Identified,Indicative scored – review required,https://www.glenmede.com/,"Validate latest public profile, decision-maker route and suitability before outreach. | Risk level: Standard | Source type: Public website / public source | Email to verify through public website/contact route before outreach.",Contact form; phone-led contact,Existing NY contact enrichment,https://www.glenmede.com/contact-us/ | https://www.glenmede.com/private-wealth-management/princeton/ | https://www.glenmede.com/private-wealth-management/family-office-services/ | https://www.privatebank.citibank.com/pdf/adv/Glenmede.pdf,Only compliance email found in official ADV; use business contact form/office phone for relationship approach.,7/1/2026,TBP_Family_Office_Generated_Lists_Fresh_Master.xlsx,
North America,United States,New York / New Jersey,Silvercrest Asset Management,Family office services / OCIO / wealth management,New York / New Jersey,,Family office services / OCIO / wealth management,Family office services / private wealth / stewardship; Logistics / ports / trade corridors; Financial services / private capital / investment,Works with family offices; customised investment-office solutions.,New York/Newark North America Neutral Trade Corridor; Family Office Circle,Website / advisory relationship / warm introduction,Irene / Capital Advisory Team,16,14,14,12,10,8,74,Strong Potential Prospect,Channel,Identified,Indicative scored – review required,https://www.silvercrestgroup.com/,"Validate latest public profile, decision-maker route and suitability before outreach. | Risk level: Standard | Source type: Public website / public source | Email to verify through public website/contact route before outreach.",rhough@silvercrestgroup.com (official press contact),Official/public email or route - verify before outreach,https://www.silvercrestgroup.com/ | https://www.silvercrestgroup.com/team/ | https://ir.silvercrestgroup.com/news-events/press-releases/detail/425/silvercrest-asset-management-announces-new-partners,Official CEO email appears in an investor-relations press release as press/contact point.,7/1/2026,TBP_Family_Office_Generated_Lists_Fresh_Master.xlsx,
North America,United States,New York / New Jersey,WE Family Offices,Independent family office advisory,New York / New Jersey,,Independent family office advisory,Family office services / private wealth / stewardship; Logistics / ports / trade corridors,Serves single-family offices and UHNW families; useful advisory network channel.,New York/Newark North America Neutral Trade Corridor; Family Office Circle,Website / corporate development / adviser introduction / sector forum,Irene / Capital Advisory Team,16,14,14,12,10,8,74,Strong Potential Prospect,Channel,Identified,Indicative scored – review required,https://www.wefamilyoffices.com/,"Validate latest public profile, decision-maker route and suitability before outreach. | Risk level: Standard | Source type: Public website / public source | Email to verify through public website/contact route before outreach.",Media: media@wefamilyoffices.com; other enquiries via contact form,Official/public email or route - verify before outreach,https://www.wefamilyoffices.com/contact-family-offices/ | https://www.wefamilyoffices.com/ | https://www.linkedin.com/company/we-family-offices,Official site gives media email and New York phone; no personal emails identified.,7/1/2026,TBP_Family_Office_Generated_Lists_Fresh_Master.xlsx,
North America,United States,New York / New Jersey,AlTi Tiedemann Global,UHNW wealth manager / family-office-style platform,New York / New Jersey,,UHNW wealth manager / family-office-style platform,Family office services / private wealth / stewardship; Logistics / ports / trade corridors,"Long-term family wealth, cross-border families and institutional family office perspective.",New York/Newark North America Neutral Trade Corridor; Family Office Circle,Website / corporate development / adviser introduction / sector forum,Irene / Capital Advisory Team,12,14,14,12,10,8,70,Strong Potential Prospect,Channel,Identified,Indicative scored – review required,https://alti-global.com/contact-location/,"Validate latest public profile, decision-maker route and suitability before outreach. | Risk level: Standard | Source type: Public website / public source | Email to verify through public website/contact route before outreach.",investor@alti-global.com (third-party profile); official contact form on AlTi site,Third-party/verify before use,https://alti-global.com/contact-location/ | https://alti-global.com/ | https://www.perenews.com/institution-profiles/alti-tiedemann-global.html | https://www.zoominfo.com/c/alti-tiedemann-global/566136467,Official site offers contact form; investor@ is from a third-party institutional profile and should be verified.,7/1/2026,TBP_Family_Office_Generated_Lists_Fresh_Master.xlsx,
North America,United States,New York / New Jersey,Beacon Trust,Wealth management / trust advisory,New York / New Jersey,,Wealth management / trust advisory,Family office services / private wealth / stewardship; Logistics / ports / trade corridors,New Jersey-headquartered wealth platform with New York office; useful NJ family capital mapping.,New York/Newark North America Neutral Trade Corridor; Family Office Circle,Website / public contact route / adviser introduction,Irene / Capital Advisory Team,12,14,14,12,10,8,70,Strong Potential Prospect,Channel,Identified,Indicative scored – review required,https://www.beacontrust.com/,"Validate latest public profile, decision-maker route and suitability before outreach. | Risk level: Standard | Source type: Public website / public source | Email to verify through public website/contact route before outreach.",support@beacontrust.com,Official/public email or route - verify before outreach,https://www.beacontrust.com/contact-us | https://www.beacontrust.com/about/our-people | https://www.privateequityinternational.com/institution-profiles/beacon-trust.html,Official contact page lists support@beacontrust.com for HQ and New York office.,7/1/2026,TBP_Family_Office_Generated_Lists_Fresh_Master.xlsx,
North America,United States,New York / New Jersey,Klingenstein Fields Advisors,Wealth and family advisory,New York / New Jersey,,Wealth and family advisory,Family office services / private wealth / stewardship; Logistics / ports / trade corridors,New York-based adviser to high-net-worth individuals and families.,New York/Newark North America Neutral Trade Corridor; Family Office Circle,Website / corporate development / adviser introduction / sector forum,Irene / Capital Advisory Team,12,14,14,12,10,8,70,Strong Potential Prospect,Channel,Identified,Indicative scored – review required,https://www.klingenstein.com/,"Validate latest public profile, decision-maker route and suitability before outreach. | Risk level: Standard | Source type: Public website / public source | Email to verify through public website/contact route before outreach.",info@klingenstein.com,Official/public email or route - verify before outreach,https://www.klingenstein.com/contact/ | https://www.klingenstein.com/who-we-are/ | https://www.send2press.com/wire/profile/klingenstein-fields-wealth-advisors/ | https://www.ic-research.com/investment-consultant/james-w-fields/,Official site lists info@klingenstein.com; personal emails not identified.,7/1/2026,TBP_Family_Office_Generated_Lists_Fresh_Master.xlsx,
Southeast Asia,Singapore,Singapore,Clermont Group / Richard Chandler,Private investment group / family-capital style platform,Singapore,,Private investment group / family-capital style platform,Family office services / private wealth / stewardship; Logistics / ports / trade corridors; Financial services / private capital / investment; Healthcare / life sciences,"Long-horizon private capital, healthcare, financial services, aerospace and business-building.",Singapore Family Office Gateway; Indonesia/Southeast Asia corridor; Family Office Circle,Website / corporate development / adviser introduction / sector forum,Irene,18,17,18,12,13,7,85,Priority Founding Steward Prospect,Priority,Identified,Indicative scored – review required,https://sg.linkedin.com/company/clermontgroup,Include diligence/governance risk column due to increased family-office scrutiny in Singapore. | Risk level: Standard | Source type: Public website / public source | Email to verify through public website/contact route before outreach.,info@clermont.com,Official public email,https://www.clermont.com/contact/,Use general corporate route; long-horizon private investment fit.,7/1/2026,TBP_Family_Office_Generated_Lists_Fresh_Master.xlsx,
Southeast Asia,Singapore,Singapore,Maitri Asset Management / Tolaram family office,"Former single-family office, now licensed responsible-investment manager",Singapore,,"Former single-family office, now licensed responsible-investment manager",Family office services / private wealth / stewardship; Logistics / ports / trade corridors; Financial services / private capital / investment,"Responsible investment, Asia/Africa connectivity and long-term capital relevance.",Singapore Family Office Gateway; Indonesia/Southeast Asia corridor; Family Office Circle,Website / corporate development / adviser introduction / sector forum,Irene,18,17,18,12,13,7,85,Priority Founding Steward Prospect,Priority,Identified,Indicative scored – review required,https://sg.linkedin.com/company/maitri-asset-management,Include diligence/governance risk column due to increased family-office scrutiny in Singapore. | Risk level: Standard | Source type: Public website / public source | Email to verify through public website/contact route before outreach.,info@maitriam.com,Public email - LinkedIn/verify against official website,https://sg.linkedin.com/company/maitri-asset-management | https://eservices.mas.gov.sg/fid/institution/detail/222445-MAITRI-ASSET-MANAGEMENT-PTE-LTD,Verify against official website/MAS listing before outreach.,7/1/2026,TBP_Family_Office_Generated_Lists_Fresh_Master.xlsx,
Southeast Asia,Singapore,Singapore,Tsao Family Office / Tsao Pao Chee Group,Single-family office / family business platform,Singapore,,Single-family office / family business platform,Family office services / private wealth / stewardship; Logistics / ports / trade corridors,"Maritime, impact, climate, health, education and long-duration family stewardship themes.",Singapore Family Office Gateway; Indonesia/Southeast Asia corridor; Family Office Circle,Website / corporate development / adviser introduction / sector forum,Alaba Oginni,18,17,18,12,13,7,85,Priority Founding Steward Prospect,Priority,Identified,Indicative scored – review required,https://sg.linkedin.com/company/tsao-family-office-pte-ltd,Include diligence/governance risk column due to increased family-office scrutiny in Singapore. | Risk level: Standard | Source type: Public website / public source | Email to verify through public website/contact route before outreach.,connect@tsao.com,Official public email,https://www.tsao.com/contact/,Strong maritime/impact/stewardship fit; use official family office contact route.,7/1/2026,TBP_Family_Office_Generated_Lists_Fresh_Master.xlsx,
Southeast Asia,Singapore,Singapore,DBS Multi Family Office Foundry VCC,Bank-backed multi-family office platform,Singapore,,Bank-backed multi-family office platform,Family office services / private wealth / stewardship; Logistics / ports / trade corridors; Technology / digital infrastructure / venture; Financial services / private capital / investment,Bank-backed platform serving ultra-wealthy clients through Singapore VCC structure.,Singapore Family Office Gateway; Indonesia/Southeast Asia corridor; Family Office Circle,Website / advisory relationship / warm introduction,Irene,17,16,17,12,13,8,83,Priority Founding Steward Prospect,Priority / Channel,Identified,Indicative scored – review required,https://www.reuters.com/business/finance/dbsbacked-familyoffice-platform-hits-780-million-assets-double-by-end2026-2025-09-23/,Include diligence/governance risk column due to increased family-office scrutiny in Singapore. | Risk level: Standard | Source type: Public website / public source | Email to verify through public website/contact route before outreach.,Contact form / DBS Private Bank relationship route,Contact route only,https://www.dbs.com/private-banking/family-office,Bank-backed/adviser route; use existing relationship or official DBS private banking contact process.,7/1/2026,TBP_Family_Office_Generated_Lists_Fresh_Master.xlsx,
Southeast Asia,Singapore,Singapore,Golden Equator Wealth,Multi-family office,Singapore,,Multi-family office,Family office services / private wealth / stewardship; Logistics / ports / trade corridors; Financial services / private capital / investment,Legacy preservation and investment management for UHNW families.,Singapore Family Office Gateway; Indonesia/Southeast Asia corridor; Family Office Circle,Website / advisory relationship / warm introduction,Irene,17,16,17,12,13,8,83,Priority Founding Steward Prospect,Priority / Channel,Identified,Indicative scored – review required,https://www.goldenequatorwealth.com/,Include diligence/governance risk column due to increased family-office scrutiny in Singapore. | Risk level: Standard | Source type: Public website / public source | Email to verify through public website/contact route before outreach.,hello@goldenequator.com; contact@goldenequator.com,Official/public email - verify before outreach,https://www.goldenequatorwealth.com/contact-us/ | https://www.goldenequator.com/contact/,Use general contact route; good multi-family office channel.,7/1/2026,TBP_Family_Office_Generated_Lists_Fresh_Master.xlsx,
Southeast Asia,Singapore,Singapore,Kamet Capital,Multi-single-family office / multi-family office,Singapore,,Multi-single-family office / multi-family office,Family office services / private wealth / stewardship; Logistics / ports / trade corridors,Singapore-based adviser to leading Asian families; strong access channel.,Singapore Family Office Gateway; Indonesia/Southeast Asia corridor; Family Office Circle,Website / advisory relationship / warm introduction,Irene,17,16,17,12,13,8,83,Priority Founding Steward Prospect,Priority / Channel,Identified,Indicative scored – review required,https://kametcapital.com/,Include diligence/governance risk column due to increased family-office scrutiny in Singapore. | Risk level: Standard | Source type: Public website / public source | Email to verify through public website/contact route before outreach.,info@kametcapital.com,Official public email,https://kametcapital.com/contact/,Good multi-single-family office/adviser route.,7/1/2026,TBP_Family_Office_Generated_Lists_Fresh_Master.xlsx,
Southeast Asia,Singapore,Singapore,APAC Family Office,Licensed fund management company / family-office adviser,Singapore,,Licensed fund management company / family-office adviser,Family office services / private wealth / stewardship; Logistics / ports / trade corridors; Financial services / private capital / investment,MAS-regulated family-office adviser supporting investment needs across generations.,Singapore Family Office Gateway; Indonesia/Southeast Asia corridor; Family Office Circle,Website / advisory relationship / warm introduction,Irene,16,16,17,12,13,8,82,Priority Founding Steward Prospect,Priority / Channel,Identified,Indicative scored – review required,https://apacfamilyoffice.asia/,Include diligence/governance risk column due to increased family-office scrutiny in Singapore. | Risk level: Standard | Source type: Public website / public source | Email to verify through public website/contact route before outreach.,enquiries@apacfamilyoffice.asia,Official public email,https://apacfamilyoffice.asia/contact-us/,Good licensed family-office adviser route.,7/1/2026,TBP_Family_Office_Generated_Lists_Fresh_Master.xlsx,
Southeast Asia,Singapore,Singapore,DBS Private Bank Family Office Advisory,Private bank / family office gateway,Singapore,,Private bank / family office gateway,Family office services / private wealth / stewardship; Logistics / ports / trade corridors; Financial services / private capital / investment,Major gateway to Singapore single-family offices and private banking clients.,Singapore Family Office Gateway; Indonesia/Southeast Asia corridor; Family Office Circle,Website / advisory relationship / warm introduction,Irene,16,16,17,12,13,8,82,Priority Founding Steward Prospect,Priority / Channel,Identified,Indicative scored – review required,https://www.dbs.com/private-banking/default.page,Include diligence/governance risk column due to increased family-office scrutiny in Singapore. | Risk level: Standard | Source type: Public website / public source | Email to verify through public website/contact route before outreach.,Contact form / DBS Private Bank relationship route,Contact route only,https://www.dbs.com/private-banking/family-office,Adviser/private bank channel; use relationship route if possible.,7/1/2026,TBP_Family_Office_Generated_Lists_Fresh_Master.xlsx,
Southeast Asia,Singapore,Singapore,Raffles Family Office,Multi-family office / UHNW advisory platform,Singapore,,Multi-family office / UHNW advisory platform,Family office services / private wealth / stewardship; Logistics / ports / trade corridors,Dual HQ in Hong Kong/Singapore; UHNW family-office advisory channel.,Singapore Family Office Gateway; Indonesia/Southeast Asia corridor; Family Office Circle,Website / advisory relationship / warm introduction,Irene,16,16,17,12,13,8,82,Priority Founding Steward Prospect,Priority / Channel,Identified,Indicative scored – review required,https://www.rafflesgroup.co/,Include diligence/governance risk column due to increased family-office scrutiny in Singapore. | Risk level: Standard | Source type: Public website / public source | Email to verify through public website/contact route before outreach.,MarComms@rafflesgroup.co; events@rafflesgroup.co; contact form route,Purpose-specific public emails / contact route,https://www.rafflesgroup.co/contact-us/ | https://www.rafflesgroup.co/media/,Use contact form or general route; media/events emails are purpose-specific.,7/1/2026,TBP_Family_Office_Generated_Lists_Fresh_Master.xlsx,
Southeast Asia,Singapore,Singapore,Kuok Group / K3 Ventures / Kuok family-linked ecosystem,Family enterprise / venture family-office vehicle,Singapore,,Family enterprise / venture family-office vehicle,Family office services / private wealth / stewardship; Logistics / ports / trade corridors; Technology / digital infrastructure / venture; Manufacturing / food / agribusiness / consumer,"Regional trade, logistics, hospitality, food, agribusiness, maritime and venture relevance.",Singapore Family Office Gateway; Indonesia/Southeast Asia corridor; Family Office Circle,Website / investor relations / ecosystem introduction,Irene,14,17,18,12,13,7,81,Priority Founding Steward Prospect,Priority,Identified,Indicative scored – review required,https://www.kuokgroup.com/,Include diligence/governance risk column due to increased family-office scrutiny in Singapore. | Risk level: Standard | Source type: Public website / public source | Email to verify through public website/contact route before outreach.,No main group email captured - use Kuok/K3 official contact route,Contact route only,https://www.kuokgroup.com/ | https://k3ventures.com/,Use warm introduction or official contact route; constituent group varies by theme.,7/1/2026,TBP_Family_Office_Generated_Lists_Fresh_Master.xlsx,
Southeast Asia,Singapore,Singapore,XSquared Family Office,Singapore-based single-family office,Singapore,,Singapore-based single-family office,Family office services / private wealth / stewardship; Logistics / ports / trade corridors; Technology / digital infrastructure / venture; Financial services / private capital / investment,"Investment exposure across funds, venture capital funds and private vehicles.",Singapore Family Office Gateway; Indonesia/Southeast Asia corridor; Family Office Circle,Website / corporate development / adviser introduction / sector forum,Irene,17,15,17,11,12,6,78,Strong Potential Prospect,High,Identified,Indicative scored – review required,https://sg.linkedin.com/company/xsquared-family-office,Include diligence/governance risk column due to increased family-office scrutiny in Singapore. | Risk level: Standard | Source type: Public website / public source | Email to verify through public website/contact route before outreach.,No public email found - use LinkedIn/official route if available,No public email identified,https://sg.linkedin.com/company/xsquared-family-office,Use warm introduction; do not use scraped emails.,7/1/2026,TBP_Family_Office_Generated_Lists_Fresh_Master.xlsx,
Southeast Asia,Singapore,Singapore,Far East Capital / Far East Organization / Ng family,Single-family office / real estate family investment vehicle,Singapore,,Single-family office / real estate family investment vehicle,Family office services / private wealth / stewardship; Logistics / ports / trade corridors; Infrastructure / real estate / development; Financial services / private capital / investment,Family office/investment vehicle of major Singapore private real estate developer; strong TBP real-estate-to-trade-infrastructure fit.,Singapore Family Office Gateway; Indonesia/Southeast Asia corridor; Family Office Circle,Website / corporate development / adviser introduction / sector forum,Irene,9,17,18,12,13,7,76,Strong Potential Prospect,Priority,Identified,Indicative scored – review required,https://www.fareast.capital/,Include diligence/governance risk column due to increased family-office scrutiny in Singapore. | Risk level: Standard | Source type: Public website / public source | Email to verify through public website/contact route before outreach.,No public email found - use Far East Capital official address/contact route,No public email identified,https://www.fareast.capital/ | https://sg.linkedin.com/company/far-east-capital,Official site lists address; no email captured. Use warm introduction/official route.,7/1/2026,TBP_Family_Office_Generated_Lists_Fresh_Master.xlsx,
Southeast Asia,Singapore,Singapore,DAS Family Office Singapore,Family office / investment boutique,Singapore,,Family office / investment boutique,Family office services / private wealth / stewardship; Logistics / ports / trade corridors; Financial services / private capital / investment,Bespoke investment solutions and consolidated wealth reviews.,Singapore Family Office Gateway; Indonesia/Southeast Asia corridor; Family Office Circle,Website / corporate development / adviser introduction / sector forum,Irene,17,14,14,12,10,8,75,Strong Potential Prospect,High / Channel,Identified,Indicative scored – review required,https://sg.linkedin.com/company/dfosingapore,Include diligence/governance risk column due to increased family-office scrutiny in Singapore. | Risk level: Standard | Source type: Public website / public source | Email to verify through public website/contact route before outreach.,No public email found - use official/LinkedIn/warm introduction route,No public email identified,https://sg.linkedin.com/company/dfosingapore,Use warm introduction; no verified email captured.,7/1/2026,TBP_Family_Office_Generated_Lists_Fresh_Master.xlsx,
Southeast Asia,Singapore,Singapore,Prestel & Partner Family Office Forum Singapore,Family office event / network route,Singapore,,Family office event / network route,Family office services / private wealth / stewardship; Logistics / ports / trade corridors,Regional gathering of single-family offices and wealth holders.,Singapore Family Office Gateway; Indonesia/Southeast Asia corridor; Family Office Circle,Website / corporate development / adviser introduction / sector forum,Irene,17,14,14,12,10,8,75,Strong Potential Prospect,Channel,Identified,Indicative scored – review required,https://prestelandpartner.com/familyofficeforumsingapore.html,Include diligence/governance risk column due to increased family-office scrutiny in Singapore. | Risk level: Standard | Source type: Public website / public source | Email to verify through public website/contact route before outreach.,Contact form / event organiser route,Contact route only,https://prestelandpartner.com/familyofficeforumsingapore.html,Event/network route; use official organiser contact form.,7/1/2026,TBP_Family_Office_Generated_Lists_Fresh_Master.xlsx,
Southeast Asia,Singapore,Singapore,Schroders Wealth Management Singapore – Family Offices,Family office wealth advisory channel,Singapore,,Family office wealth advisory channel,Family office services / private wealth / stewardship; Logistics / ports / trade corridors; Financial services / private capital / investment,"Family office services, philanthropy, multi-custodial banking and financing.",Singapore Family Office Gateway; Indonesia/Southeast Asia corridor; Family Office Circle,Website / corporate development / adviser introduction / sector forum,Irene,16,14,14,12,10,8,74,Strong Potential Prospect,Channel,Identified,Indicative scored – review required,https://www.schroders.com/en-sg/sg/wealth-management/who-we-help/family-offices/,Include diligence/governance risk column due to increased family-office scrutiny in Singapore. | Risk level: Standard | Source type: Public website / public source | Email to verify through public website/contact route before outreach.,Contact form / Schroders office route,Contact route only,https://www.schroders.com/en-sg/sg/wealth-management/who-we-help/family-offices/,Adviser/private wealth route; use official contact process.,7/1/2026,TBP_Family_Office_Generated_Lists_Fresh_Master.xlsx,
Southeast Asia,Singapore,Singapore,SVCA Family Office Committee,Family office ecosystem / venture and private capital access channel,Singapore,,Family office ecosystem / venture and private capital access channel,Family office services / private wealth / stewardship; Logistics / ports / trade corridors; Technology / digital infrastructure / venture,"Peer-to-peer community of family offices, principals and executives.",Singapore Family Office Gateway; Indonesia/Southeast Asia corridor; Family Office Circle,Website / investor relations / ecosystem introduction,Irene,14,14,14,12,10,8,72,Strong Potential Prospect,Channel,Identified,Indicative scored – review required,https://www.svca.org.sg/committees/family-office-committee,Include diligence/governance risk column due to increased family-office scrutiny in Singapore. | Risk level: Standard | Source type: Public website / public source | Email to verify through public website/contact route before outreach.,enquiries@svca.org.sg,Official public email,https://www.svca.org.sg/committees/family-office-committee,Family-office ecosystem/network channel.,7/1/2026,TBP_Family_Office_Generated_Lists_Fresh_Master.xlsx,
Southeast Asia,Singapore,Singapore,Singapore EDB Family Office Discovery Series / Global Business Families platform,Government-supported family-office gateway,Singapore,,Government-supported family-office gateway,Family office services / private wealth / stewardship; Logistics / ports / trade corridors,Government-supported ecosystem for global business families and family offices.,Singapore Family Office Gateway; Indonesia/Southeast Asia corridor; Family Office Circle,Website / corporate development / adviser introduction / sector forum,Irene,9,17,15,12,11,8,72,Strong Potential Prospect,Gateway,Identified,Indicative scored – review required,https://www.edb.gov.sg/en/our-industries/global-business-families.html,Include diligence/governance risk column due to increased family-office scrutiny in Singapore. | Risk level: Standard | Source type: Public website / public source | Email to verify through public website/contact route before outreach.,Contact form / EDB official route,Contact route only,https://www.edb.gov.sg/en/our-industries/global-business-families.html,Government-supported ecosystem route; use official EDB contact process.,7/1/2026,TBP_Family_Office_Generated_Lists_Fresh_Master.xlsx,
Southeast Asia,Singapore,Singapore,PwC / EY professional family-office advisers in Singapore,"Structuring, governance and diligence channels",Singapore,,"Structuring, governance and diligence channels",Family office services / private wealth / stewardship; Logistics / ports / trade corridors,"Family-office setup, governance, tax, reporting and institutional readiness channels.",Singapore Family Office Gateway; Indonesia/Southeast Asia corridor; Family Office Circle,Website / public contact route / adviser introduction,Irene,12,14,14,12,10,8,70,Strong Potential Prospect,Channel,Identified,Indicative scored – review required,https://www.edb.gov.sg/en/our-industries/global-business-families.html,Include diligence/governance risk column due to increased family-office scrutiny in Singapore. | Risk level: Standard | Source type: Public website / public source | Email to verify through public website/contact route before outreach.,Contact form / official office route,Contact route only,https://www.pwc.com/sg/en.html | https://www.ey.com/en_sg/services/family-enterprise/family-office,Adviser route. Use official contact forms or named professional relationships.,7/1/2026,TBP_Family_Office_Generated_Lists_Fresh_Master.xlsx,
South Asia,Sri Lanka,Colombo,Capital Maharaja Group / Rajamahendran family,Privately held conglomerate,Colombo / Sri Lanka,,Privately held conglomerate,Family office services / private wealth / stewardship; Logistics / ports / trade corridors; Manufacturing / food / agribusiness / consumer,Privately held conglomerate with major brands and partnerships; media and industrial relevance.,Sri Lanka family enterprise map; Indonesia/Southeast Asia corridor; Family Office Circle,Website / corporate development / adviser introduction / sector forum,Tharushi,18,17,18,12,13,7,85,Priority Founding Steward Prospect,Priority,Identified,Indicative scored – review required,https://www.cmg.lk/,Use public sources only; verify family office/channel vs family-controlled group classification. | Risk level: Standard | Source type: Public website / public source | Email to verify through public website/contact route before outreach.,info@cmg.lk,Official public email,https://www.cmg.lk/contact-us/,Use general corporate route; family group/private company sensitivity.,7/1/2026,TBP_Family_Office_Generated_Lists_Fresh_Master.xlsx,
South Asia,Sri Lanka,Colombo,Dilmah / MJF Group / Fernando family,Family business / ethical trade brand,Colombo / Sri Lanka,,Family business / ethical trade brand,Family office services / private wealth / stewardship; Logistics / ports / trade corridors,"Generational family enterprise, ethical trade and global brand relevance.",Sri Lanka family enterprise map; Indonesia/Southeast Asia corridor; Family Office Circle,Website / corporate development / adviser introduction / sector forum,Tharushi,18,17,18,12,13,7,85,Priority Founding Steward Prospect,Priority,Identified,Indicative scored – review required,https://www.dilmahtea.com/family/,Use public sources only; verify family office/channel vs family-controlled group classification. | Risk level: Standard | Source type: Public website / public source | Email to verify through public website/contact route before outreach.,info@dilmahtea.com; orders@dilmahtea.com,Official public email,https://www.dilmahtea.com/contact/,Use info/general route; orders is customer/commercial contact.,7/1/2026,TBP_Family_Office_Generated_Lists_Fresh_Master.xlsx,
South Asia,Sri Lanka,Colombo,Hemas Holdings / Esufally family,Family-controlled listed group,Colombo / Sri Lanka,,Family-controlled listed group,Family office services / private wealth / stewardship; Logistics / ports / trade corridors; Manufacturing / food / agribusiness / consumer; Healthcare / life sciences,"Healthcare, consumer, logistics/mobility and governance-led family enterprise.",Sri Lanka family enterprise map; Indonesia/Southeast Asia corridor; Family Office Circle,Website / corporate development / adviser introduction / sector forum,Tharushi,18,17,18,12,13,7,85,Priority Founding Steward Prospect,Priority,Identified,Indicative scored – review required,https://hemas.com/about.html,Use public sources only; verify family office/channel vs family-controlled group classification. | Risk level: Standard | Source type: Public website / public source | Email to verify through public website/contact route before outreach.,info@hemas.com; ir@hemas.com,Official public email,https://hemas.com/contact.html | https://hemas.com/investor-relations.html,Use info or investor relations depending on context.,7/1/2026,TBP_Family_Office_Generated_Lists_Fresh_Master.xlsx,
South Asia,Sri Lanka,Colombo,Hirdaramani Group,Family-owned industrial group,Colombo / Sri Lanka,,Family-owned industrial group,Family office services / private wealth / stewardship; Logistics / ports / trade corridors; Energy / renewables / industrial infrastructure; Manufacturing / food / agribusiness / consumer,"Apparel, leisure, renewable energy, services and retail; strong trade/manufacturing relevance.",Sri Lanka family enterprise map; Indonesia/Southeast Asia corridor; Family Office Circle,Website / corporate development / adviser introduction / sector forum,Tharushi,18,17,18,12,13,7,85,Priority Founding Steward Prospect,Priority,Identified,Indicative scored – review required,https://www.hirdaramani.com/legacy/,Use public sources only; verify family office/channel vs family-controlled group classification. | Risk level: Standard | Source type: Public website / public source | Email to verify through public website/contact route before outreach.,info.hsl@hirdaramani.com; info@hirdaramani.com,Official/public email - verify before outreach,https://www.hirdaramani.com/contact-us/,Use general corporate route; strong manufacturing/sustainability fit.,7/1/2026,TBP_Family_Office_Generated_Lists_Fresh_Master.xlsx,
South Asia,Sri Lanka,Colombo,MAS Holdings / Amalean family,Family-founded industrial group,Colombo / Sri Lanka,,Family-founded industrial group,Family office services / private wealth / stewardship; Logistics / ports / trade corridors; Manufacturing / food / agribusiness / consumer,"Manufacturing, apparel, industrial parks, sustainability and global supply-chain footprint.",Sri Lanka family enterprise map; Indonesia/Southeast Asia corridor; Family Office Circle,Website / corporate development / adviser introduction / sector forum,Tharushi,18,17,18,12,13,7,85,Priority Founding Steward Prospect,Priority,Identified,Indicative scored – review required,https://masholdings.com/who-we-are/our-leaders/,Use public sources only; verify family office/channel vs family-controlled group classification. | Risk level: Standard | Source type: Public website / public source | Email to verify through public website/contact route before outreach.,info@masholdings.com,Official public email,https://masholdings.com/contact/,Use official general email; strong manufacturing/trade fit.,7/1/2026,TBP_Family_Office_Generated_Lists_Fresh_Master.xlsx,
South Asia,Sri Lanka,Colombo,Heritage Partners / CAL,Multi-family office / family business advisory,Colombo / Sri Lanka,,Multi-family office / family business advisory,Family office services / private wealth / stewardship; Logistics / ports / trade corridors,"Family business and multi-family office platform focused on transitions, liquidity and global asset perspectives.",Sri Lanka family enterprise map; Indonesia/Southeast Asia corridor; Family Office Circle,Website / advisory relationship / warm introduction,Tharushi,16,17,18,12,13,8,84,Priority Founding Steward Prospect,Priority,Identified,Indicative scored – review required,https://cal.lk/launch-of-heritage-partners/,Use public sources only; verify family office/channel vs family-controlled group classification. | Risk level: Standard | Source type: Public website / public source | Email to verify through public website/contact route before outreach.,Contact form / phone route; no email captured,Official contact route only,https://cal.lk/contact/ | https://cal.lk/launch-of-heritage-partners/,Use CAL contact page/phone or LinkedIn; no verified email captured in official page snippet.,7/1/2026,TBP_Family_Office_Generated_Lists_Fresh_Master.xlsx,
South Asia,Sri Lanka,Colombo,Innovest Investments,Wealth manager / family office support,Colombo / Sri Lanka,,Wealth manager / family office support,Family office services / private wealth / stewardship; Logistics / ports / trade corridors,Bespoke wealth management and family office support for Sri Lankan and international clients.,Sri Lanka family enterprise map; Indonesia/Southeast Asia corridor; Family Office Circle,Website / corporate development / adviser introduction / sector forum,Tharushi,16,17,18,12,13,8,84,Priority Founding Steward Prospect,Priority,Identified,Indicative scored – review required,https://lk.linkedin.com/company/innovest-investments,Use public sources only; verify family office/channel vs family-controlled group classification. | Risk level: Standard | Source type: Public website / public source | Email to verify through public website/contact route before outreach.,No public email found - use official/LinkedIn/warm introduction route,No public email identified,https://lk.linkedin.com/company/innovest-investments,Use warm intro; verify official site/contact before outreach.,7/1/2026,TBP_Family_Office_Generated_Lists_Fresh_Master.xlsx,
South Asia,Sri Lanka,Colombo,LYNEAR Wealth Management,Multi-family office / wealth manager,Colombo / Sri Lanka,,Multi-family office / wealth manager,Family office services / private wealth / stewardship; Logistics / ports / trade corridors,Explicit Sri Lanka multi-family office; adviser/channel prospect for family wealth and legacy planning.,Sri Lanka family enterprise map; Indonesia/Southeast Asia corridor; Family Office Circle,Website / advisory relationship / warm introduction,Tharushi,16,17,18,12,13,8,84,Priority Founding Steward Prospect,Priority,Identified,Indicative scored – review required,https://www.lynear.com/our-services/multi-family-office/,Use public sources only; verify family office/channel vs family-controlled group classification. | Risk level: Standard | Source type: Public website / public source | Email to verify through public website/contact route before outreach.,info@lynearwealth.com,Official public email,https://www.lynear.com/contact-us/,Strong multi-family-office-style prospect/adviser route.,7/1/2026,TBP_Family_Office_Generated_Lists_Fresh_Master.xlsx,
South Asia,Sri Lanka,Colombo,LOLC Holdings / Browns Investments / Ishara Nanayakkara,Financial services and investment conglomerate,Colombo / Sri Lanka,,Financial services and investment conglomerate,Family office services / private wealth / stewardship; Logistics / ports / trade corridors; Financial services / private capital / investment,"Financial services, investment and multinational conglomerate orientation.",Sri Lanka family enterprise map; Indonesia/Southeast Asia corridor; Family Office Circle,Legal/compliance review first; then adviser-led or warm-introduction route only,Tharushi,18,17,18,10,13,6,82,Priority Founding Steward Prospect,Priority,Identified,Indicative scored – review required,https://www.lolc.com/directors,Use public sources only; verify family office/channel vs family-controlled group classification. | Risk level: Enhanced diligence | Source type: Public website / public source | Email to verify through public website/contact route before outreach.,info@lolc.com,Official public email,https://www.lolc.com/contact-us,Use official corporate route; diligence review recommended for group structure.,7/1/2026,TBP_Family_Office_Generated_Lists_Fresh_Master.xlsx,
South Asia,Sri Lanka,Colombo,Access Group / Sumal Perera,Founder-led conglomerate,Colombo / Sri Lanka,,Founder-led conglomerate,Family office services / private wealth / stewardship; Logistics / ports / trade corridors; Infrastructure / real estate / development,"Construction, engineering and diversified enterprise relevant to corridor infrastructure.",Sri Lanka family enterprise map; Indonesia/Southeast Asia corridor; Family Office Circle,Website / corporate development / adviser introduction / sector forum,Tharushi,16,15,17,11,12,6,77,Strong Potential Prospect,High,Identified,Indicative scored – review required,https://accessengsl.com/who-we-are/board-of-directors/sumal-perera/,Use public sources only; verify family office/channel vs family-controlled group classification. | Risk level: Standard | Source type: Public website / public source | Email to verify through public website/contact route before outreach.,investor.relations@accessengineeringplc.com,Official public investor relations email,https://accessengsl.com/investor-relations/ | https://accessengsl.com/contact-us/,Use investor relations/corporate route; verify best group contact.,7/1/2026,TBP_Family_Office_Generated_Lists_Fresh_Master.xlsx,
South Asia,Sri Lanka,Colombo,CBL Group / Ceylon Biscuits / Wickramasingha family,Family-run FMCG group,Colombo / Sri Lanka,,Family-run FMCG group,Family office services / private wealth / stewardship; Logistics / ports / trade corridors; Manufacturing / food / agribusiness / consumer,Export-oriented FMCG family enterprise; SME trade and distribution relevance.,Sri Lanka family enterprise map; Indonesia/Southeast Asia corridor; Family Office Circle,Website / corporate development / adviser introduction / sector forum,Tharushi,16,15,17,11,12,6,77,Strong Potential Prospect,High,Identified,Indicative scored – review required,https://www.theceomagazine.com/executive-interviews/food-beverage/sheamali-wickramasingha/,Use public sources only; verify family office/channel vs family-controlled group classification. | Risk level: Standard | Source type: Public website / public source | Email to verify through public website/contact route before outreach.,inquiry.cbl@cbllk.com; export.cbl@cbllk.com,Official public email,https://www.cbllk.com/contact-us/ | https://www.cbllk.com/export/,Use inquiry/general route; export email if discussing trade/export alignment.,7/1/2026,TBP_Family_Office_Generated_Lists_Fresh_Master.xlsx,
South Asia,Sri Lanka,Colombo,Jetwing / Cooray family,Family hospitality group,Colombo / Sri Lanka,,Family hospitality group,Family office services / private wealth / stewardship; Logistics / ports / trade corridors,"Tourism, hospitality and family-enterprise relevance for corridor activation.",Sri Lanka family enterprise map; Indonesia/Southeast Asia corridor; Family Office Circle,Website / corporate development / adviser introduction / sector forum,Tharushi,16,15,17,11,12,6,77,Strong Potential Prospect,High,Identified,Indicative scored – review required,https://www.tharawat-magazine.com/hiring-firing-43/special-features-hiring-firing-43/cooray-jetwing-people/,Use public sources only; verify family office/channel vs family-controlled group classification. | Risk level: Standard | Source type: Public website / public source | Email to verify through public website/contact route before outreach.,reservations@jetwinghotels.com; mediarelations@jetwinghotels.com,Official public/purpose-specific emails,https://www.jetwinghotels.com/contact-us/ | https://www.jetwinghotels.com/media-centre/,Use reservations/media only if appropriate; warm introduction preferred for principal/strategic conversation.,7/1/2026,TBP_Family_Office_Generated_Lists_Fresh_Master.xlsx,
South Asia,Sri Lanka,Colombo,Softlogic Holdings / Ashok Pathirage,Founder-led conglomerate,Colombo / Sri Lanka,,Founder-led conglomerate,Family office services / private wealth / stewardship; Logistics / ports / trade corridors; Financial services / private capital / investment; Healthcare / life sciences,"Retail, healthcare, financial services, IT, leisure and automotive; strategic capital relevance.",Sri Lanka family enterprise map; Indonesia/Southeast Asia corridor; Family Office Circle,Website / corporate development / adviser introduction / sector forum,Tharushi,16,15,17,11,12,6,77,Strong Potential Prospect,High,Identified,Indicative scored – review required,https://www.softlogic.lk/board-of-director,Use public sources only; verify family office/channel vs family-controlled group classification. | Risk level: Standard | Source type: Public website / public source | Email to verify through public website/contact route before outreach.,info@softlogic.lk,Official public email,https://www.softlogic.lk/contact-us,Use corporate general email or warm introduction.,7/1/2026,TBP_Family_Office_Generated_Lists_Fresh_Master.xlsx,
South Asia,Sri Lanka,Colombo,Melstacorp / Stassen Group / Jayawardena family,Investment holding / diversified group,Colombo / Sri Lanka,,Investment holding / diversified group,Family office services / private wealth / stewardship; Logistics / ports / trade corridors; Financial services / private capital / investment,"Holding-company capital, succession and stewardship mapping relevance.",Sri Lanka family enterprise map; Indonesia/Southeast Asia corridor; Family Office Circle,Legal/compliance review first; then adviser-led or warm-introduction route only,Tharushi,16,15,17,10,12,6,76,Strong Potential Prospect,High,Identified,Indicative scored – review required,https://www.marketscreener.com/quote/stock/MELSTACORP-PLC-34446990/news/Melstacorp-PLC-Redesignates-Hasitha-Jayawardena-as-Executive-Chairman-48999702/,Use public sources only; verify family office/channel vs family-controlled group classification. | Risk level: Enhanced diligence | Source type: Public website / public source | Email to verify through public website/contact route before outreach.,info@melsta.com,Official public email,https://melstacorp.com/contact-us | https://melstacorp.com/investor-relations,Use official corporate email; verify strategic route.,7/1/2026,TBP_Family_Office_Generated_Lists_Fresh_Master.xlsx,
South Asia,Sri Lanka,Colombo,Vallibel One / Dhammika Perera,Diversified investment holding company,Colombo / Sri Lanka,,Diversified investment holding company,Family office services / private wealth / stewardship; Logistics / ports / trade corridors; Manufacturing / food / agribusiness / consumer; Financial services / private capital / investment,"Finance, consumer, aluminium, leisure and investments; private capital/holding-company mapping.",Sri Lanka family enterprise map; Indonesia/Southeast Asia corridor; Family Office Circle,Legal/compliance review first; then adviser-led or warm-introduction route only,Tharushi,16,15,17,10,12,6,76,Strong Potential Prospect,High,Identified,Indicative scored – review required,https://www.marketscreener.com/quote/stock/VALLIBEL-ONE-PLC-20706457/company-network/,Use public sources only; verify family office/channel vs family-controlled group classification. | Risk level: Enhanced diligence | Source type: Public website / public source | Email to verify through public website/contact route before outreach.,Contact form only - no public email captured,Official contact route only,https://vallibelone.com/,Official site has contact form but no email captured. Use contact form/warm intro.,7/1/2026,TBP_Family_Office_Generated_Lists_Fresh_Master.xlsx,
South Asia,Sri Lanka,Colombo,Capital Alliance / CAL,Investment bank / private wealth channel,Colombo / Sri Lanka,,Investment bank / private wealth channel,Family office services / private wealth / stewardship; Logistics / ports / trade corridors; Financial services / private capital / investment,"Works with family-run businesses, private wealth and investment banking clients.",Sri Lanka family enterprise map; Indonesia/Southeast Asia corridor; Family Office Circle,Website / public contact route / adviser introduction,Tharushi,14,15,15,12,11,8,75,Strong Potential Prospect,Channel / High,Identified,Indicative scored – review required,https://cal.lk/,Use public sources only; verify family office/channel vs family-controlled group classification. | Risk level: Standard | Source type: Public website / public source | Email to verify through public website/contact route before outreach.,Contact form / phone route; no email captured,Official contact route only,https://cal.lk/contact/,Use CAL official contact page/phone; no general email captured in official page snippet.,7/1/2026,TBP_Family_Office_Generated_Lists_Fresh_Master.xlsx,
South Asia,Sri Lanka,Colombo,NDB Wealth Management,Private wealth / asset management channel,Colombo / Sri Lanka,,Private wealth / asset management channel,Family office services / private wealth / stewardship; Logistics / ports / trade corridors,Large Sri Lankan asset manager and private wealth channel.,Sri Lanka family enterprise map; Indonesia/Southeast Asia corridor; Family Office Circle,Website / public contact route / adviser introduction,Tharushi,14,15,15,12,11,8,75,Strong Potential Prospect,Channel / High,Identified,Indicative scored – review required,https://ndbwealth.com/our-story,Use public sources only; verify family office/channel vs family-controlled group classification. | Risk level: Standard | Source type: Public website / public source | Email to verify through public website/contact route before outreach.,contact@ndbinvestors.com,Official public email,https://ndbwealth.com/contact-us,Use official contact route.,7/1/2026,TBP_Family_Office_Generated_Lists_Fresh_Master.xlsx,
Southeast Asia,Indonesia,Jakarta,PT Samudera Indonesia Tbk,Listed Corporate (IDX: SMDR),Jakarta,,Family-controlled maritime shipping & logistics group (Soedarpo family),"Maritime shipping, port agencies, cold-chain storage, logistics hubs",Provides proven regional maritime routing and harbor-side warehousing validation.,Integration with TBP regional trade processing ports and shipping corridors.,Investor Relations / Corporate Development Board,Irene,15,18,20,14,13,8,88,Priority Founding Steward Prospect,High,,,https://www.samudera.id,Fully public auditable financials; very strong strategic asset overlap.,ir@samudera.id,,,,,TBP_SEA_Medium sized.xlsx,
Southeast Asia,Indonesia,Jakarta,PT Centratama Telekomunikasi Indonesia Tbk,Listed Corporate (IDX: CENT),Jakarta,,Institutional / corporate backed telecom asset firm,"Telecom towers, macro infrastructure, fiber networks, digital tracking data","Highly compatible with digital trade layers, IoT cargo tracking, and wireless network backbones.",Offshore energy & data infrastructure development collaboration.,Infrastructure Development Unit / Public Affairs,Irene,13,16,17,13,12,6,77,Strong Potential Prospect,Medium-High,,,https://www.centratama.com,Corporate decision loop; prioritize technical alignment over traditional family asset plays.,corporate.secretary@centratamanetworks.com,,,,,TBP_SEA_Medium sized.xlsx,
Southeast Asia,Indonesia,Jakarta,PT Adi Sarana Armada Tbk,Listed Corporate (IDX: ASSA),Jakarta,,Triputra Group family-linked end-to-end logistics platform,"Express parcel logistics (Anteraja), fleet management, fulfillment centers",Direct driver for domestic distribution fulfillment and high-volume demand density tracking.,TBP Trade Engine™ integration for local merchant networks.,Triputra holding circle / ASSA Investor Relations,Irene,16,16,19,12,13,8,84,Priority Founding Steward Prospect,High,,,https://www.assa.id/id,Backed by massive family conglomerate structure; highly strategic deployment target.,corporate.secretary@assa.id,,,,,TBP_SEA_Medium sized.xlsx,
Southeast Asia,Indonesia,Jakarta,PT Wintermar Offshore Marine Tbk,Listed Corporate (IDX: WINS),Jakarta,,Sugiman Layanto family-controlled marine support venture,"Offshore support vessels, marine logistics, deep sea asset deployment",Direct fit for offshore maritime support corridors and transport infrastructure coordination.,Offshore logistics and port facility service expansion packages.,Board of Directors / Marine Strategy Lead,Irene,14,14,18,12,11,7,76,Strong Potential Prospect,Medium-High,,,https://www.wintermar.com,Subject to offshore shipping cyclicality; position as macro corridor diversification asset.,investor_relations@wintermar.com,,,,,TBP_SEA_Medium sized.xlsx,
Southeast Asia,Indonesia,Jakarta,PT Logindo Samudramakmur Tbk,Listed Corporate (IDX: LEAD),Jakarta,,Private operator backed maritime enterprise,"Specialized cargo vessels, heavy industrial transport, shipping logistics",Strong relevance to physical container throughput and shipping junction mechanics.,Port vehicle investment frameworks and priority regional sea corridor routes.,Corporate Finance Team / Public Registry,Irene,13,13,18,11,12,6,73,Strong Potential Prospect,Medium,,,https://logindo.co.id,Mid-tier market cap; ensure long-duration alignment on permanent institutional architecture.,corporate@logindo.com,,,,,TBP_SEA_Medium sized.xlsx,
Southeast Asia,Indonesia,Bekasi / Jakarta,PT Cikarang Listrindo Tbk,Listed Corporate (IDX: POWR),Bekasi / Jakarta,,Janto/Jajang family-linked industrial energy utility,"Industrial park power, energy grids, infrastructure development",Critical blueprint for building neutral power and utility grids across free-trade zones.,Industrial city power generation contracts and infrastructure-linked bond vehicles.,Corporate Finance Director / Energy Infrastructure Lead,Irene,16,18,16,13,12,7,82,Strong Potential Prospect,Medium-High,,,https://www.listrindo.com,Highly liquid balance sheet; excellent match for stable infrastructure permanent-capital yields.,investor.relations@prowr.co.id,,,,,TBP_SEA_Medium sized.xlsx,
Southeast Asia,Indonesia,Jakarta,PT Cardig Aero Services Tbk,Listed Corporate (IDX: CASS),Jakarta,,Diono Nurjadin family-linked aviation logistics group,"Air cargo handling, airport gateways, ground support solutions",Provides air-corridor transit data and modern airport gateway logistics benchmarks.,Airport trade processing nodes and data tracking systems.,Strategic Partnerships Officer / Board Secretariat,Irene,15,15,19,12,13,8,82,Priority Founding Steward Prospect,High,,,https://casgroup.co.id/en/home/,Strongest target for non-maritime transport hubs; pitch cross-border connectivity.,corporate.secretary@cardigaero.com,,,,,TBP_SEA_Medium sized.xlsx,
Southeast Asia,Indonesia,Jakarta,PT Surya Semesta Internusa Tbk,Listed Corporate (IDX: SSIA),Jakarta,,Johannes Suriadjaja family-led industrial real estate developer,"Industrial parks (Suryacipta), construction, smart city layouts",Excellent physical operator framework for setting up trade processing zones.,Neutral trade city creation and industrial real estate blueprint modeling.,Head of Corporate Planning / Property Development Board,Irene,16,16,18,13,13,7,83,Priority Founding Steward Prospect,High,,,https://www.suryainternusa.com,Vast physical landbanks; position TBP as the digital cross-border trade layer for their zones.,corp.comm@suryasemesta.com,,,,,TBP_SEA_Medium sized.xlsx,
Southeast Asia,Indonesia,Jakarta,PT AKR Corporindo Tbk,Listed Corporate (IDX: AKRA),Jakarta,,Haryanto Adikoesoemo family-controlled chemical & bulk logistics group,"Bulk terminals, fuel logistics, industrial estate zones (JIIPE)","Massive relevance to deep sea ports, custom clearances, and physical bulk trade lanes.",Integration into the TBP regional trade processing infrastructure layer.,Executive Chairman Group / Investor Relations,Irene,17,18,20,14,14,7,90,Priority Founding Steward Prospect,High,,,https://www.akr.co.id/,Extremely premium profile; mirrors the exact physical asset footprint TBP seeks to coordinate globally.,ir@akr.co.id,,,,,TBP_SEA_Medium sized.xlsx,
Southeast Asia,Indonesia,Jakarta,PT Golden Energy Mines Tbk,Listed Corporate (IDX: GEMS),Jakarta,,Widjaja family (Sinar Mas) linked commodity trade logistics wing,"Bulk supply chain, commodity ports, international trade clearing","Highly relevant to trade flow density, cargo handling networks, and customs routing.",TBP Trade Engine™ volume pilot and bulk corridor validation rules.,Sinar Mas holding desk / GEMS Executive Board,Irene,16,17,18,12,13,7,83,Strong Potential Prospect,Medium-High,,,https://www.goldenenergymines.com/id/beranda/,Direct link to one of Indonesia's most dominant business dynasties; high compliance requirements.,corporate.secretary@gems.co.id,,,,,TBP_SEA_Medium sized.xlsx,
Southeast Asia,Indonesia,Lampung / Jakarta,PT Tunas Baru Lampung Tbk,Listed Corporate (IDX: TBLA),Lampung / Jakarta,,Oei family (Sinar Wijaya) controlled agriculture distribution matrix,"Agricultural commodities, terminal storage, refinery logistics",High operational relevance for soft-commodity throughput tracking and custom verification.,NPSS™ Certification frameworks and agricultural trade clearing lanes.,Sinar Wijaya Holding / TBLA Financial Comptroller,Irene,15,16,17,11,12,7,78,Strong Potential Prospect,Medium-High,,,https://www.tunasbarulampung.com,Excellent asset overlap with food lines; position round as a cross-border regulatory shield.,corporate@tbla.co.id,,,,,TBP_SEA_Medium sized.xlsx,
Southeast Asia,Indonesia,Jakarta,PT Prasetia Dwidharma,Registered Corporate Platform,Jakarta,,Aryo Seto family-linked technology and infrastructure vehicle,"Digital infrastructure, B2B software solutions, logistics routing tech","Direct application for intelligent route algorithms, IoT container locks, and verification software.",TBP Trade Engine™ joint system development workstreams.,Executive Management Board / Direct Venture Arm Channel,Irene,14,14,18,12,12,8,78,Strong Potential Prospect,Medium-High,,,https://prasetia.co.id/new/,Highly dynamic and technical team; very fast onboarding capability.,info@prasetia.co.id,,,,,TBP_SEA_Medium sized.xlsx,
Southeast Asia,Indonesia,Jakarta,PT Indo Tambangraya Megah Tbk,Listed Corporate (IDX: ITMG),Jakarta,,Banpu group backed corporate energy & trade infrastructure wing,"Coal mining, private marine ports, energy logistics networks.",Direct owner-operator of private regional port junctions and massive vessel networks.,"Bulk trade route automation, trust bank escrow pilots.",Corporate Strategy Division / Sustainable Infrastructure Lead,Irene,14,17,19,13,13,7,83,Priority Founding Steward Prospect,High,,,https://www.itmg.co.id,Strict ESG reporting standards; highlight TBP's neutral platform structure to prevent governance conflicts.,investor_relations@itmg.co.id,,,,,TBP_SEA_Medium sized.xlsx,
Southeast Asia,Indonesia,Jakarta,PT Temas Tbk,Listed Corporate (IDX: TMAS),Jakarta,,Hartono family-controlled container shipping network,"Intermodal shipping, container vessel management, port terminals",Frontline container distribution tracking capability across Southeast Asian maritime lanes.,Regional maritime port / airport vehicle integration mapping.,Board of Commissioners Secretary / Investor Relations,Irene,16,16,19,12,13,7,83,Priority Founding Steward Prospect,High,,,https://temas.id/en,Excellent strategic match; easily clears asset verification and capital liquidity requirements.,corporate@temasline.com,,,,,TBP_SEA_Medium sized.xlsx,
Central Asia,Uzbekistan,Tashkent,Uzum,Founder-led private growth platform,Tashkent,,Private technology / commerce platform,"E-commerce, fintech, logistics, consumer marketplace",Digital commerce and fulfillment infrastructure relevant to trade-corridor logistics,"Digital logistics, SME trade enablement, payments layer",Website / investor relations / ecosystem introductions,Valeriya,13,13,17,12,12,7,74,Strong Potential Prospect,Medium-High,,,https://uzum.com/,More tech/logistics than traditional family office; still useful for TBP digital trade layer.,ir@uzum.com,,,,,TBP_UZ-KZ_Independent_Corridor_Investor_Longlist.xlsx,
Central Asia,Uzbekistan,Tashkent,Korzinka,Founder/family-linked retail group,Tashkent,,Family-owned retail & distribution company,"Retail, food distribution, warehousing, supply chain",Relevant to domestic distribution and cold-chain logistics,"Distribution centres, cold chain, domestic supply chain",Website / corporate development / retail conferences,Valeriya,15,14,17,11,11,7,75,Strong Potential Prospect,Medium-High,,,https://korzinka.uz/,Strong operator relevance; investor role would need validation.,info@korzinka.uz,,,,,TBP_UZ-KZ_Independent_Corridor_Investor_Longlist.xlsx,
Central Asia,Uzbekistan,Tashkent,Golden House,Private real estate developer,Tashkent,,Private developer,Residential and commercial real estate,Potential commercial/industrial real estate adjacency,Real estate / logistics-park development angle,Website / public contacts,Valeriya,12,13,14,10,10,6,65,Strong Potential Prospect,Medium-High,,,https://gh.uz,Secondary prospect; fit depends on industrial/logistics appetite.,info@gh.uz,,,,,TBP_UZ-KZ_Independent_Corridor_Investor_Longlist.xlsx,
Central Asia,Uzbekistan,Tashkent,Tashkent Index / TI Capital,Private investment / development platform,Tashkent,,Private investment company,"Commercial real estate, business districts, investment projects",Potential capital and real-estate platform for Tashkent logistics/business hub,Tashkent hub development and corridor-services layer,Website / public contacts,Valeriya,14,14,15,11,11,6,71,Strong Potential Prospect,Medium-High,,,https://tashkentindex.org,Needs source verification for exact investment structure.,contact@tashkentindex.org,,,,,TBP_UZ-KZ_Independent_Corridor_Investor_Longlist.xlsx,
Central Asia,Uzbekistan,Tashkent,Enter Engineering,Private EPC / industrial construction group,Tashkent,,Private engineering group,"EPC, industrial construction, energy, infrastructure",Construction capability for logistics/industrial infrastructure,EPC partner or industrial infrastructure builder,Website / tender/adviser route,Valeriya,12,13,17,10,12,6,70,Strong Potential Prospect,Medium-High,,,https://www.ent-en.com/,More contractor/operator than family-office prospect.,info@ent-en.com,,,,,TBP_UZ-KZ_Independent_Corridor_Investor_Longlist.xlsx,
Central Asia,Uzbekistan,Tashkent,Beeline Uzbekistan / VEON ecosystem,Corporate strategic investor,Tashkent,,Strategic corporate platform,"Telecom, digital infrastructure, connectivity","Relevant to digital trade, IoT tracking, corridor connectivity",Digital infrastructure and trade-data layer,Corporate partnership / public affairs route,Valeriya,10,12,15,12,11,6,66,Strong Potential Prospect,Medium-High,,,https://beeline.uz/ ,Not family office; include only if digital corridor layer is allowed.,0611@beeline.uz,,,,,TBP_UZ-KZ_Independent_Corridor_Investor_Longlist.xlsx,
Central Asia,Uzbekistan,Tashkent,TBC Bank Uzbekistan,Strategic financial platform,Tashkent,,Bank / fintech platform,"Digital banking, payments, consumer finance",Potential trade-finance/payment infrastructure partner,SME trade finance / digital payments,Partnerships / investor relations,Valeriya,10,12,14,12,10,6,64,Monitor / Secondary Prospect,Medium,,,https://tbcbank.uz/,Not family-owned; more ecosystem partner.,contact@tbcbank.uz,,,,,TBP_UZ-KZ_Independent_Corridor_Investor_Longlist.xlsx,
Central Asia,Uzbekistan,Tashkent,UzOman Investment Company,Strategic investment company,Tashkent,,Bilateral investment company,"Investment, trade cooperation, logistics partnerships",Relevant to logistics partnerships and corridor financing,Co-investment / adviser route,Official website / government-linked introductions,Valeriya,12,15,17,12,13,7,76,Strong Potential Prospect,Medium-High,,,https://uzoman.uz/ ,Strategic capital platform; not a family office.,info@uzoman.uz,,,,,TBP_UZ-KZ_Independent_Corridor_Investor_Longlist.xlsx,
Central Asia,Uzbekistan,Asaka / Tashkent,UzAuto Motors / Uzavtosanoat ecosystem,Strategic industrial platform,Asaka / Tashkent,,State-linked industrial group,"Automotive manufacturing, components, exports",Industrial/export corridor user and anchor cargo source,Industrial supply chain / auto logistics,Official public affairs / government route,Valeriya,9,14,17,11,12,6,69,Strong Potential Prospect,Medium-High,,,https://uzautomotors.com/,Not family office; strategic industrial partner., info@uzautomotors.com,,,,,TBP_UZ-KZ_Independent_Corridor_Investor_Longlist.xlsx,
Central Asia,Uzbekistan,Navoi,Navoi Free Economic Zone / Navoi logistics ecosystem,Industrial zone / corridor node,Navoi,,Strategic economic zone,"Industrial zone, logistics, air cargo, manufacturing",Key Uzbekistan logistics/industrial node for independent corridor,"Industrial-zone partnerships, warehousing, export processing",Government / FEZ administration route,Valeriya,8,13,18,11,13,6,69,Strong Potential Prospect,Medium-High,,,https://navoiy-fez.uz/,Not investor; include as corridor ecosystem and introduction pathway.,media@mataderolabtoledo.com,,,,,TBP_UZ-KZ_Independent_Corridor_Investor_Longlist.xlsx,
Central Asia,Kazakhstan,Almaty,Astana Group / Astana Motors,Family/founder-led holding,Almaty,,Private holding,"Automotive distribution, manufacturing, retail, real estate","Distribution, auto logistics and industrial localisation relevance","Automotive logistics, warehousing, regional distribution",Website / group corporate contacts,Valeriya,16,15,17,11,12,7,78,Strong Potential Prospect,Medium-High,,,https://astana.group/ ,Strong operator/investor prospect for trade/distribution corridor.,l.alzhanova@astana-group.kz,,,,,TBP_UZ-KZ_Independent_Corridor_Investor_Longlist.xlsx,
Central Asia,Kazakhstan,Almaty / New York,Freedom Holding Corp.,Founder-led financial services group,Almaty / New York,,Public founder-led investment group,"Brokerage, banking, fintech, investment banking",Capital markets and digital-finance layer for corridor investment,"Capital advisory, financing, digital trade finance",IR / corporate partnerships / founder-led route,Valeriya,15,15,15,12,12,7,76,Strong Potential Prospect,Medium-High,,,https://www.freedomholdingcorp.com/ ,Good for finance/digital layer; governance diligence required due public-market profile.,info@fbroker.kz,,,,,TBP_UZ-KZ_Independent_Corridor_Investor_Longlist.xlsx,
Central Asia,Kazakhstan,Almaty,Capital Partners,Private investment / development group,Almaty,,Private investment and real estate group,"Real estate, hotels, retail, logistics-adjacent assets",Commercial real estate and logistics-park development relevance,Property development / logistics real estate,Website / real estate networks,Valeriya,14,14,15,11,10,6,70,Strong Potential Prospect,Medium-High,,,https://capitalpartners.pro/en/about/,Useful for real-estate component.,contactus@capitalpartners.ws,,,,,TBP_UZ-KZ_Independent_Corridor_Investor_Longlist.xlsx,
Central Asia,Kazakhstan,Luxembourg,ERG - Eurasian Resources Group,Industrial group,Luxembourg / Kazakhstan operations,,Industrial group with shareholder concentration,"Mining, energy, logistics, infrastructure",Large cargo generator and infrastructure user; governance-sensitive,Industrial cargo / infrastructure dialogue,Public affairs / sector conferences,Valeriya,13,17,19,10,13,5,77,Strong Potential Prospect,Medium-High,,,https://www.erg.kz,High strategic adjacency but governance and sanctions/reputation diligence needed.,erg@erg.kz,,,,,TBP_UZ-KZ_Independent_Corridor_Investor_Longlist.xlsx,
Central Asia,Kazakhstan,Almaty,Kaspi.kz ecosystem,Founder-led public tech/fintech platform,Almaty,,Public founder-led platform,"Payments, marketplace, fintech, e-commerce",Digital commerce and payments layer for trade corridor,"SME commerce, digital payments, trade services",IR / partnerships route,Valeriya,13,15,15,13,11,6,73,Strong Potential Prospect,Medium-High,,,https://kaspi.kz/,"Not infrastructure investor, but very strong digital trade relevance.",office@kaspi.kz,,,,,TBP_UZ-KZ_Independent_Corridor_Investor_Longlist.xlsx,
Central Asia,Kazakhstan,Almaty,Halyk Bank / Halyk Group,Financial institution / shareholder-led group,Almaty,,Banking group,"Banking, SME finance, trade finance, payments",Potential trade finance and corridor funding layer,Trade finance / SME corridor services,Corporate banking / institutional route,Valeriya,12,15,13,13,10,6,69,Strong Potential Prospect,Medium-High,,,https://halykbank.kz/,Not family office; financial ecosystem partner.,info@halykbank.kz,,,,,TBP_UZ-KZ_Independent_Corridor_Investor_Longlist.xlsx,
Central Asia,Kazakhstan,Astana,Qazaqstan Investment Corporation (QIC),State-linked investment platform,Astana,,Fund-of-funds / private equity platform,"Private equity, co-investment, FDI attraction",Institutional co-investor and private equity infrastructure partner,"Co-investment, fund structure, adviser route",Official website / institutional channels,Valeriya,11,18,17,14,14,8,82,Priority Founding Steward Prospect,High,,,https://qic.kz/en/,"Strong institutional partner, not a family office.",invest@qic.kz,,,,,TBP_UZ-KZ_Independent_Corridor_Investor_Longlist.xlsx,
Central Asia,Kazakhstan,Astana,Samruk-Kazyna,Sovereign wealth / strategic holding,Astana,,State-owned strategic holding,"Transport, energy, telecom, infrastructure",Strategic infrastructure coordination and asset-owner relevance,Government-linked corridor alignment,Official institutional route,Valeriya,8,20,20,14,15,7,84,Priority Founding Steward Prospect,High,,,https://sk.kz/,Critical ecosystem player; not private/family office.,ir@sk.kz,,,,,TBP_UZ-KZ_Independent_Corridor_Investor_Longlist.xlsx,
Central Asia,Kazakhstan,Astana,Baiterek Holding,Development holding,Astana,,State development institution,"Project finance, SME support, development finance",Relevant for blended finance and development-institution coordination,Project finance / guarantee / co-investment dialogue,Official institutional route,Valeriya,8,18,17,14,13,7,77,Strong Potential Prospect,Medium-High,,,https://baiterek.gov.kz/,Strategic partner rather than private capital prospect.,info@baiterek.gov.kz,,,,,TBP_UZ-KZ_Independent_Corridor_Investor_Longlist.xlsx,
Central Asia,Kazakhstan,Astana,Kazakhstan Temir Zholy (KTZ),National rail and logistics operator,Astana,,State rail operator,"Rail, logistics, multimodal transport","Core corridor operator between Uzbekistan, Kazakhstan and Caspian links",Operational corridor coordination,Official institutional route,Valeriya,7,18,20,13,15,6,79,Strong Potential Prospect,Medium-High,,,https://www.railways.kz/,"Not investor, but essential corridor stakeholder.",KensePP@railways.kz,,,,,TBP_UZ-KZ_Independent_Corridor_Investor_Longlist.xlsx,
Central Asia,Kazakhstan,Astana,Kazakh Invest,Investment promotion agency,Astana,,Government investment agency,"FDI attraction, investment support",Introduction gateway for foreign capital into corridor opportunities,Government relations / investor introduction route,Official agency route,Valeriya,6,15,16,13,12,8,70,Strong Potential Prospect,Medium-High,,,https://invest.gov.kz/,Not investor; useful engagement pathway.,info@invest.gov.kz,,,,,TBP_UZ-KZ_Independent_Corridor_Investor_Longlist.xlsx,
Central Asia,Kazakhstan,Almaty,Almaty Industrial Zone / industrial parks ecosystem,Industrial zone / corridor node,Almaty,,Industrial-zone platform,"Manufacturing, warehousing, industrial development",Almaty as commercial/logistics node for Uzbekistan-Kazakhstan corridor,Industrial-zone partnership and site pipeline,Government/zone administration,Valeriya,6,13,17,11,12,6,65,Strong Potential Prospect,Medium-High,,,https://almaty-spk.kz/,Not investor; useful for project pipeline mapping.,Info@Indzone.kz,,,,,TBP_UZ-KZ_Independent_Corridor_Investor_Longlist.xlsx,
North America,United States,UK / US (dual base),Ceniarth LLC,Single-family office / impact-focused LP,UK / US (dual base),,Isenberg family office; impact-first investment philosophy with $500M+ portfolio across global emerging markets,Impact investing / emerging markets finance; Climate / clean energy; Fintech / financial inclusion; Africa-linked capital,"Most active family office LP in Africa funds globally; backed Capria, Lendable (Africa fintech lending), Acre Impact Capital and Camco REPP 2 (African energy)","Family Office Circle; warm introduction via shared Africa fund managers (Capria, Lendable, Acre)",Website / adviser route / warm introduction via shared Africa fund managers,Alaba Oginni,18,17,18,14,14,7,88,Priority Founding Steward Prospect,High,Identified,Indicative scored – review required,https://ceniarthllc.com,Confirm UK vs US primary entity structure before outreach. Most active Africa family office LP — verify latest portfolio and engagement bandwidth.,,No public contact email – use website route,,Use website contact form or warm introduction route,7/17/2026,Manually verified by Alaba Oginni – Africa LP list,Ceniarth
North America,United States,"Cambridge, Massachusetts",Blue Haven Initiative,Single-family office / impact-focused LP,"Cambridge, Massachusetts",,Pritzker Simmons family office; dedicated Sub-Saharan Africa mandate with long-horizon impact capital deployment,Impact investing / Sub-Saharan Africa; Fintech / financial inclusion; Healthcare / life sciences; Off-grid energy,"Dedicated Sub-Saharan Africa mandate; LP portfolio includes M-KOPA (Kenya), PEG Africa, Field Intelligence (Nigeria) and TIBU Health (Kenya)",Family Office Circle; Sub-Saharan Africa mandate alignment; warm introduction via shared Africa fund managers,Website / adviser route / warm introduction via shared Africa impact fund managers,Alaba Oginni,18,17,18,14,14,7,88,Priority Founding Steward Prospect,High,Identified,Indicative scored – review required,https://bluehaveninitiative.com,Pritzker Simmons family; Sub-Saharan Africa mandate confirmed. Verify current engagement capacity before outreach.,,No public contact email – use website route,,Use website contact form or warm introduction route,7/17/2026,Manually verified by Alaba Oginni – Africa LP list,Blue Haven
North America,United States,Washington DC,Gates Ventures,Single-family office / private investment vehicle,Washington DC,,Bill Gates personal family office; global long-horizon investment mandate with Africa emerging market and technology exposure,Impact investing / global health; Technology / digital infrastructure; Emerging markets; Agricultural technology; Africa emerging markets,"LP in Capria Fund II; Africa portfolio includes MAX (Nigeria), Helium Health, SeamlessHR and Moniepoint; alignment with TBP Africa-linked technology and infrastructure themes",Family Office Circle; corridor-linked capital; warm introduction only via shared fund manager relationships (Capria),Warm introduction route only — approach via shared Africa fund manager relationships (Capria). Do not cold-contact.,Alaba Oginni,17,17,17,14,13,6,84,Priority Founding Steward Prospect,High,Identified,Indicative scored – review required,https://gatesventures.com,High-profile family office; approach only via warm introduction or shared fund manager relationships. Enhanced due diligence recommended. Do not cold-contact.,,No public contact email – warm introduction only,,Warm introduction only – do not cold-contact,7/17/2026,Manually verified by Alaba Oginni – Africa LP list,Gates family office
United Kingdom & Europe,Ireland,Dublin,Small Foundation,Family foundation / impact-focused LP,Dublin,,Sherwin family; dedicated Sub-Saharan Africa focus through philanthropic capital and LP investment in emerging African fund managers,Impact investing / Sub-Saharan Africa; Alternative credit / working capital; Emerging fund managers; Africa private capital,Sub-Saharan Africa focus; partners with Moremi Capital Management to provide working capital and LP capital for emerging African fund managers,Family Office Circle; Sub-Saharan Africa mandate alignment; warm introduction via Moremi Capital Management,Website / foundation route / warm introduction via Moremi Capital Management,Alaba Oginni,15,15,16,13,12,6,77,Strong Potential Prospect,High,Identified,Indicative scored – review required,https://small.foundation,Family foundation structure (not SFO); verify LP deployment capacity vs grant-only approach. Sub-Saharan Africa mandate confirmed.,,No public contact email – use website route,,Use website contact form or warm introduction via Moremi Capital,7/17/2026,Manually verified by Alaba Oginni – Africa LP list,Small.foundation; Sherwin family foundation
North America,United States,"Portland, Oregon",The Lemelson Foundation,Family foundation / impact LP,"Portland, Oregon",,"Jeremy Lemelson inventor family foundation; innovation-focused philanthropy and impact LP investing across Africa, Asia and Latin America",Impact investing / innovation; Emerging markets; Africa / Asia / Latin America; Technology / invention; First-time fund managers,"LP in Capria Accelerator Fund backing first-time fund managers across Africa (including Zimbabwe and Uganda), Asia and Latin America",Family Office Circle; corridor-linked capital; warm introduction via Capria,Website / foundation route / warm introduction via Capria,Alaba Oginni,14,14,15,12,12,6,73,Strong Potential Prospect,Medium-High,Identified,Indicative scored – review required,https://lemelson.org,Family foundation (not SFO); verify current LP deployment capacity and Africa focus within broader global mandate.,,No public contact email – use website route,,Use website contact form or warm introduction via Capria,7/17/2026,Manually verified by Alaba Oginni – Africa LP list,Lemelson Foundation; Jerome Lemelson Foundation
Africa,Kenya,Nairobi,Chandaria Group / Chandaria Investment Vehicle,Strategic Anchor Family Capital,Nairobi,Nairobi,"Mahesh, Darshan & Neer Chandaria","Manufacturing, real estate, venture/private capital, solar, industrials",East Africa trade corridor; Nairobi capital and logistics gateway; relevant to the TBP Kenya Neutral Trade Corridor Project (Lamu-Mombasa-Nairobi-Kisumu-JKIA).,Darshan Chandaria — Group CEO / investment vehicle,Official corporate route / info@chandaria.com | +254 723 414 172,Tharushi / Capital Advisory Team,16,17,15,11,7,10,76,Strong Potential Prospect,Priority,Identified,Indicative scored – review required,www.chandaria.com/,"Screening-stage intelligence from TBP Kenya country intelligence report; estimated capacity (US$250M+) and confidence rating (Very High) are indicative screening signals, not audited AUM. Sector Alignment / Strategic Adjacency computed via calibrated SBERT cosine similarity (all-MiniLM-L6-v2); other categories are rule-based screening estimates pending analyst review. | Risk level: Enhanced diligence | Source type: TBP internal intelligence report (public-source verified)",info@chandaria.com,Official/public email - verify before outreach,www.chandaria.com/,Use official group route; verify current contact before outreach.,8/24/2026,TBP_Kenya_Private_Capital_Family_Office_Intelligence_Report_Tier_0_to_3.docx,
Africa,Kenya,Nairobi,Sameer Group / Sameer Investments,Strategic Anchor Family Capital,Nairobi,Nairobi,Zarina Naushad Merali family; Sameer Merali,"Agribusiness, manufacturing, real estate, energy, industrials",East Africa trade corridor; Nairobi capital and logistics gateway; relevant to the TBP Kenya Neutral Trade Corridor Project (Lamu-Mombasa-Nairobi-Kisumu-JKIA).,"Sameer Merali — CEO, Sameer Investments",Official group route,Tharushi / Capital Advisory Team,18,17,0,11,0,9,55,Monitor / Secondary Prospect,Priority,Identified,Indicative scored – review required,sameer-group.co.ke/about-us/management/,"Screening-stage intelligence from TBP Kenya country intelligence report; estimated capacity (US$250M+) and confidence rating (Very High) are indicative screening signals, not audited AUM. Sector Alignment / Strategic Adjacency computed via calibrated SBERT cosine similarity (all-MiniLM-L6-v2); other categories are rule-based screening estimates pending analyst review. | Risk level: Enhanced diligence | Source type: TBP internal intelligence report (public-source verified)",,,,,,TBP_Kenya_Private_Capital_Family_Office_Intelligence_Report_Tier_0_to_3.docx,
Africa,Kenya,,Kenyatta Family Investment Interests,Strategic Anchor Family Capital,Kenya,Kenya,Kenyatta family,"Agriculture, dairy, banking, real estate, hospitality, private investments",East Africa trade corridor; Nairobi capital and logistics gateway; relevant to the TBP Kenya Neutral Trade Corridor Project (Lamu-Mombasa-Nairobi-Kisumu-JKIA).,Family investment office / principal's office,Official corporate route via relevant operating investment,Tharushi / Capital Advisory Team,18,19,20,8,4,7,76,Strong Potential Prospect,Priority,Identified,Indicative scored – review required,www.brookside.co.ke/,"Screening-stage intelligence from TBP Kenya country intelligence report; estimated capacity (US$500M+) and confidence rating (High) are indicative screening signals, not audited AUM. Sector Alignment / Strategic Adjacency computed via calibrated SBERT cosine similarity (all-MiniLM-L6-v2); other categories are rule-based screening estimates pending analyst review. | Risk level: Enhanced diligence | Source type: TBP internal intelligence report (public-source verified)",,,,,,TBP_Kenya_Private_Capital_Family_Office_Intelligence_Report_Tier_0_to_3.docx,
Africa,Kenya,Nairobi,Ndegwa Family / NCBA-related Investments,Strategic Anchor Family Capital,Nairobi,Nairobi,Andrew S. M. Ndegwa; James P. M. Ndegwa,"Banking, financial services, investment holdings, real assets",East Africa trade corridor; Nairobi capital and logistics gateway; relevant to the TBP Kenya Neutral Trade Corridor Project (Lamu-Mombasa-Nairobi-Kisumu-JKIA).,Family investment interests / NCBA investor relations,Official NCBA investor route,Tharushi / Capital Advisory Team,18,17,0,13,11,9,68,Strong Potential Prospect,Priority,Identified,Indicative scored – review required,ncbagroup.com/,"Screening-stage intelligence from TBP Kenya country intelligence report; estimated capacity (US$250M+) and confidence rating (Very High) are indicative screening signals, not audited AUM. Sector Alignment / Strategic Adjacency computed via calibrated SBERT cosine similarity (all-MiniLM-L6-v2); other categories are rule-based screening estimates pending analyst review. | Risk level: Enhanced diligence | Source type: TBP internal intelligence report (public-source verified)",,,,,,TBP_Kenya_Private_Capital_Family_Office_Intelligence_Report_Tier_0_to_3.docx,
Africa,Kenya,Nairobi,I&M Shah Family Investment Interests,Strategic Anchor Family Capital,Nairobi,Nairobi,Suresh Raja Shah; Sarit & Sachit Shah,"Banking, real estate, private investments",East Africa trade corridor; Nairobi capital and logistics gateway; relevant to the TBP Kenya Neutral Trade Corridor Project (Lamu-Mombasa-Nairobi-Kisumu-JKIA).,Sarit Raja-Shah — Group Executive Director / family investment interests,Official I&M corporate route,Tharushi / Capital Advisory Team,18,17,19,11,9,9,83,Priority Founding Steward Prospect,Priority,Identified,Indicative scored – review required,www.imbankgroup.com/ke/,"Screening-stage intelligence from TBP Kenya country intelligence report; estimated capacity (US$250M+) and confidence rating (Very High) are indicative screening signals, not audited AUM. Sector Alignment / Strategic Adjacency computed via calibrated SBERT cosine similarity (all-MiniLM-L6-v2); other categories are rule-based screening estimates pending analyst review. | Risk level: Enhanced diligence | Source type: TBP internal intelligence report (public-source verified)",,,,,,TBP_Kenya_Private_Capital_Family_Office_Intelligence_Report_Tier_0_to_3.docx,
Africa,Kenya,Nairobi,Kirubi Family / Estate Investment Interests,Strategic Anchor Family Capital,Nairobi,Nairobi,Estate of Dr Christopher J. Kirubi / family,"Private equity, real estate, media, industrials",East Africa trade corridor; Nairobi capital and logistics gateway; relevant to the TBP Kenya Neutral Trade Corridor Project (Lamu-Mombasa-Nairobi-Kisumu-JKIA).,Family / Estate investment representatives; Centum investor route,Official corporate route / Investor relations: investorelations@centum.co.ke,Tharushi / Capital Advisory Team,18,17,9,8,1,10,63,Monitor / Secondary Prospect,Priority,Identified,Indicative scored – review required,centum.co.ke/,"Screening-stage intelligence from TBP Kenya country intelligence report; estimated capacity (US$250M+) and confidence rating (Very High) are indicative screening signals, not audited AUM. Sector Alignment / Strategic Adjacency computed via calibrated SBERT cosine similarity (all-MiniLM-L6-v2); other categories are rule-based screening estimates pending analyst review. | Risk level: Enhanced diligence | Source type: TBP internal intelligence report (public-source verified)",investorelations@centum.co.ke,Official/public email - verify before outreach,centum.co.ke/,Use official group route; verify current contact before outreach.,8/24/2026,TBP_Kenya_Private_Capital_Family_Office_Intelligence_Report_Tier_0_to_3.docx,Centum Investment Company
Africa,Kenya,Nairobi,Equity / James Mwangi Family Interests,Strategic Anchor Family Capital,Nairobi,Nairobi,Dr James Mwangi family,"Financial services, impact, agriculture, enterprise, real assets",East Africa trade corridor; Nairobi capital and logistics gateway; relevant to the TBP Kenya Neutral Trade Corridor Project (Lamu-Mombasa-Nairobi-Kisumu-JKIA).,Dr James Mwangi / family investment interests,Official Equity corporate route,Tharushi / Capital Advisory Team,18,14,1,8,1,7,49,Not Suitable Prospect,Priority,Identified,Indicative scored – review required,equitygroupholdings.com/,"Screening-stage intelligence from TBP Kenya country intelligence report; estimated capacity (US$100M+) and confidence rating (High) are indicative screening signals, not audited AUM. Sector Alignment / Strategic Adjacency computed via calibrated SBERT cosine similarity (all-MiniLM-L6-v2); other categories are rule-based screening estimates pending analyst review. | Risk level: Enhanced diligence | Source type: TBP internal intelligence report (public-source verified)",,,,,,TBP_Kenya_Private_Capital_Family_Office_Intelligence_Report_Tier_0_to_3.docx,
Africa,Kenya,,JN Family Office / JN Capital,Major Family Office / Founder-Led Conglomerate,Kenya,Kenya / USA,Ngaruiya family,"Private equity, healthcare, real estate, capital management, farming",East Africa trade corridor; Nairobi capital and logistics gateway; relevant to the TBP Kenya Neutral Trade Corridor Project (Lamu-Mombasa-Nairobi-Kisumu-JKIA).,JN Capital / Family Office investment team,Official family-office route,Tharushi / Capital Advisory Team,18,8,0,8,0,9,43,Not Suitable Prospect,High,Identified,Indicative scored – review required,jnfamilyoffice.com/,"Screening-stage intelligence from TBP Kenya country intelligence report; estimated capacity (US$50–250M+) and confidence rating (Very High) are indicative screening signals, not audited AUM. Sector Alignment / Strategic Adjacency computed via calibrated SBERT cosine similarity (all-MiniLM-L6-v2); other categories are rule-based screening estimates pending analyst review. | Risk level: Enhanced diligence | Source type: TBP internal intelligence report (public-source verified)",,,,,,TBP_Kenya_Private_Capital_Family_Office_Intelligence_Report_Tier_0_to_3.docx,
Africa,Kenya,Nairobi,Full Circle Africa,Major Family Office / Founder-Led Conglomerate,Nairobi,Nairobi / London / Mauritius,Vishal Agarwal,"Venture capital, commercial real estate, hospitality",East Africa trade corridor; Nairobi capital and logistics gateway; relevant to the TBP Kenya Neutral Trade Corridor Project (Lamu-Mombasa-Nairobi-Kisumu-JKIA).,"Vishal Agarwal — Founder, Chairman & CEO",Official corporate route,Tharushi / Capital Advisory Team,15,8,5,11,3,9,51,Monitor / Secondary Prospect,High,Identified,Indicative scored – review required,fullcircle.africa/,"Screening-stage intelligence from TBP Kenya country intelligence report; estimated capacity (US$50–250M+) and confidence rating (Very High) are indicative screening signals, not audited AUM. Sector Alignment / Strategic Adjacency computed via calibrated SBERT cosine similarity (all-MiniLM-L6-v2); other categories are rule-based screening estimates pending analyst review. | Risk level: Enhanced diligence | Source type: TBP internal intelligence report (public-source verified)",,,,,,TBP_Kenya_Private_Capital_Family_Office_Intelligence_Report_Tier_0_to_3.docx,
Africa,Kenya,Nairobi,Nabo Capital,Major Family Office / Founder-Led Conglomerate,Nairobi,Nairobi,Nabo leadership / family-linked investment platform,"Equities, fixed income, real estate, private instruments",East Africa trade corridor; Nairobi capital and logistics gateway; relevant to the TBP Kenya Neutral Trade Corridor Project (Lamu-Mombasa-Nairobi-Kisumu-JKIA).,Pius Muchiri — MD & CEO / investment team,Official corporate route / invest@nabocapital.com | +254 709 368 700,Tharushi / Capital Advisory Team,17,14,5,11,7,10,64,Monitor / Secondary Prospect,High,Identified,Indicative scored – review required,nabocapital.com/,"Screening-stage intelligence from TBP Kenya country intelligence report; estimated capacity (US$100M+ represented capital) and confidence rating (Very High) are indicative screening signals, not audited AUM. Sector Alignment / Strategic Adjacency computed via calibrated SBERT cosine similarity (all-MiniLM-L6-v2); other categories are rule-based screening estimates pending analyst review. | Risk level: Enhanced diligence | Source type: TBP internal intelligence report (public-source verified)",invest@nabocapital.com,Official/public email - verify before outreach,nabocapital.com/,Use official group route; verify current contact before outreach.,8/24/2026,TBP_Kenya_Private_Capital_Family_Office_Intelligence_Report_Tier_0_to_3.docx,
Africa,Kenya,Nairobi,Tatu City / Rendeavour,Major Family Office / Founder-Led Conglomerate,Nairobi,Nairobi / Tatu City,Stephen Jennings / Rendeavour,"Urban infrastructure, industrial parks, real estate, SEZ",East Africa trade corridor; Nairobi capital and logistics gateway; relevant to the TBP Kenya Neutral Trade Corridor Project (Lamu-Mombasa-Nairobi-Kisumu-JKIA).,Stephen Jennings — Founder & CEO / Investment & Development Team,Official corporate route,Tharushi / Capital Advisory Team,15,19,1,11,9,9,64,Monitor / Secondary Prospect,High,Identified,Indicative scored – review required,www.rendeavour.com/,"Screening-stage intelligence from TBP Kenya country intelligence report; estimated capacity (US$1B+ development platform) and confidence rating (Very High) are indicative screening signals, not audited AUM. Sector Alignment / Strategic Adjacency computed via calibrated SBERT cosine similarity (all-MiniLM-L6-v2); other categories are rule-based screening estimates pending analyst review. | Risk level: Enhanced diligence | Source type: TBP internal intelligence report (public-source verified)",,,,,,TBP_Kenya_Private_Capital_Family_Office_Intelligence_Report_Tier_0_to_3.docx,
Africa,Kenya,Nairobi,Bidco Africa,Major Family Office / Founder-Led Conglomerate,Nairobi,Nairobi,Shah family / Vimal Shah,"FMCG, manufacturing, agriculture, energy, logistics",East Africa trade corridor; Nairobi capital and logistics gateway; relevant to the TBP Kenya Neutral Trade Corridor Project (Lamu-Mombasa-Nairobi-Kisumu-JKIA).,Vimal Shah — Chairman / Group investment & strategy,Official corporate route,Tharushi / Capital Advisory Team,17,17,2,11,15,7,69,Strong Potential Prospect,High,Identified,Indicative scored – review required,www.bidcoafrica.com/,"Screening-stage intelligence from TBP Kenya country intelligence report; estimated capacity (US$250M+) and confidence rating (High) are indicative screening signals, not audited AUM. Sector Alignment / Strategic Adjacency computed via calibrated SBERT cosine similarity (all-MiniLM-L6-v2); other categories are rule-based screening estimates pending analyst review. | Risk level: Enhanced diligence | Source type: TBP internal intelligence report (public-source verified)",,,,,,TBP_Kenya_Private_Capital_Family_Office_Intelligence_Report_Tier_0_to_3.docx,
Africa,Kenya,Nairobi,Devki Group,Major Family Office / Founder-Led Conglomerate,Nairobi,Nairobi / Ruiru,Narendra Raval family,"Steel, cement, manufacturing, energy, real estate",East Africa trade corridor; Nairobi capital and logistics gateway; relevant to the TBP Kenya Neutral Trade Corridor Project (Lamu-Mombasa-Nairobi-Kisumu-JKIA).,Narendra Raval — Chairman / Group strategy,Official corporate route,Tharushi / Capital Advisory Team,17,17,0,11,3,7,55,Monitor / Secondary Prospect,High,Identified,Indicative scored – review required,devkigroupke.com/,"Screening-stage intelligence from TBP Kenya country intelligence report; estimated capacity (US$250M+) and confidence rating (High) are indicative screening signals, not audited AUM. Sector Alignment / Strategic Adjacency computed via calibrated SBERT cosine similarity (all-MiniLM-L6-v2); other categories are rule-based screening estimates pending analyst review. | Risk level: Enhanced diligence | Source type: TBP internal intelligence report (public-source verified)",,,,,,TBP_Kenya_Private_Capital_Family_Office_Intelligence_Report_Tier_0_to_3.docx,
Africa,Kenya,Nairobi,Ramco Group Kenya,Major Family Office / Founder-Led Conglomerate,Nairobi,Nairobi,Ramesh / Ramco family interests,"Manufacturing, paper, engineering, real estate, technology",East Africa trade corridor; Nairobi capital and logistics gateway; relevant to the TBP Kenya Neutral Trade Corridor Project (Lamu-Mombasa-Nairobi-Kisumu-JKIA).,Group CEO / Investment & Strategy,Official corporate route,Tharushi / Capital Advisory Team,17,8,0,11,3,7,46,Not Suitable Prospect,High,Identified,Indicative scored – review required,ramco-group.com/,"Screening-stage intelligence from TBP Kenya country intelligence report; estimated capacity (US$100–500M) and confidence rating (High) are indicative screening signals, not audited AUM. Sector Alignment / Strategic Adjacency computed via calibrated SBERT cosine similarity (all-MiniLM-L6-v2); other categories are rule-based screening estimates pending analyst review. | Risk level: Enhanced diligence | Source type: TBP internal intelligence report (public-source verified)",,,,,,TBP_Kenya_Private_Capital_Family_Office_Intelligence_Report_Tier_0_to_3.docx,
Africa,Kenya,Nairobi,Comcraft Group Kenya,Major Family Office / Founder-Led Conglomerate,Nairobi,Nairobi / East Africa,Bhimji Depar Shah family / group,"Steel, aluminium, manufacturing, real estate, logistics",East Africa trade corridor; Nairobi capital and logistics gateway; relevant to the TBP Kenya Neutral Trade Corridor Project (Lamu-Mombasa-Nairobi-Kisumu-JKIA).,Group investment / principal's office,Official corporate route,Tharushi / Capital Advisory Team,17,17,0,8,4,7,53,Monitor / Secondary Prospect,High,Identified,Indicative scored – review required,www.comcraftgroup.com/,"Screening-stage intelligence from TBP Kenya country intelligence report; estimated capacity (US$250M+) and confidence rating (High) are indicative screening signals, not audited AUM. Sector Alignment / Strategic Adjacency computed via calibrated SBERT cosine similarity (all-MiniLM-L6-v2); other categories are rule-based screening estimates pending analyst review. | Risk level: Enhanced diligence | Source type: TBP internal intelligence report (public-source verified)",,,,,,TBP_Kenya_Private_Capital_Family_Office_Intelligence_Report_Tier_0_to_3.docx,
Africa,Kenya,Nairobi,WPP Scangroup / corporate family interests,Major Family Office / Founder-Led Conglomerate,Nairobi,Nairobi,East African private shareholders,"Media, technology, marketing, digital",East Africa trade corridor; Nairobi capital and logistics gateway; relevant to the TBP Kenya Neutral Trade Corridor Project (Lamu-Mombasa-Nairobi-Kisumu-JKIA).,Investor Relations / Corporate Development,Official corporate route,Tharushi / Capital Advisory Team,17,14,12,13,15,5,76,Strong Potential Prospect,High,Identified,Indicative scored – review required,scangroup.biz/,"Screening-stage intelligence from TBP Kenya country intelligence report; estimated capacity (US$100M+) and confidence rating (Medium) are indicative screening signals, not audited AUM. Sector Alignment / Strategic Adjacency computed via calibrated SBERT cosine similarity (all-MiniLM-L6-v2); other categories are rule-based screening estimates pending analyst review. | Risk level: Enhanced diligence | Source type: TBP internal intelligence report (public-source verified)",,,,,,TBP_Kenya_Private_Capital_Family_Office_Intelligence_Report_Tier_0_to_3.docx,
Africa,Kenya,Nairobi,Mwananchi Holdings / Nation-related private capital,Major Family Office / Founder-Led Conglomerate,Nairobi,Nairobi,Nation-linked shareholder interests,"Media, technology, real estate, investments",East Africa trade corridor; Nairobi capital and logistics gateway; relevant to the TBP Kenya Neutral Trade Corridor Project (Lamu-Mombasa-Nairobi-Kisumu-JKIA).,Corporate Development / Investor Relations,Official corporate route,Tharushi / Capital Advisory Team,15,14,19,13,4,5,70,Strong Potential Prospect,High,Identified,Indicative scored – review required,www.nationmedia.com/,"Screening-stage intelligence from TBP Kenya country intelligence report; estimated capacity (US$100M+) and confidence rating (Medium) are indicative screening signals, not audited AUM. Sector Alignment / Strategic Adjacency computed via calibrated SBERT cosine similarity (all-MiniLM-L6-v2); other categories are rule-based screening estimates pending analyst review. | Risk level: Enhanced diligence | Source type: TBP internal intelligence report (public-source verified)",,,,,,TBP_Kenya_Private_Capital_Family_Office_Intelligence_Report_Tier_0_to_3.docx,
Africa,Kenya,Nairobi,Asiri Capital Management,Established MFO / Investment Platform / Capital Gateway,Nairobi,Nairobi,Asiri Africa leadership,"Multi-family office, wealth management, administration, global/local assets",East Africa trade corridor; Nairobi capital and logistics gateway; relevant to the TBP Kenya Neutral Trade Corridor Project (Lamu-Mombasa-Nairobi-Kisumu-JKIA).,Investment / Wealth Management Team,+254 20 243 6529 | official contact route,Tharushi / Capital Advisory Team,14,8,7,6,9,9,53,Monitor / Secondary Prospect,Medium-High,Identified,Indicative scored – review required,asiricapital.com/,"Screening-stage intelligence from TBP Kenya country intelligence report; estimated capacity (US$50–250M represented) and confidence rating (Very High) are indicative screening signals, not audited AUM. Sector Alignment / Strategic Adjacency computed via calibrated SBERT cosine similarity (all-MiniLM-L6-v2); other categories are rule-based screening estimates pending analyst review. | Risk level: Enhanced diligence | Source type: TBP internal intelligence report (public-source verified)",,,,,,TBP_Kenya_Private_Capital_Family_Office_Intelligence_Report_Tier_0_to_3.docx,
Africa,Kenya,Nairobi,Waugh McDonald Wealth Management,Established MFO / Investment Platform / Capital Gateway,Nairobi,Nairobi,Richard Waugh / John McDonald,"Family wealth, investment governance, cross-border planning",East Africa trade corridor; Nairobi capital and logistics gateway; relevant to the TBP Kenya Neutral Trade Corridor Project (Lamu-Mombasa-Nairobi-Kisumu-JKIA).,Richard Waugh / John McDonald — Partners,Official corporate route,Tharushi / Capital Advisory Team,14,8,1,6,7,9,45,Not Suitable Prospect,Medium-High,Identified,Indicative scored – review required,www.waughmcdonald.co.ke/,"Screening-stage intelligence from TBP Kenya country intelligence report; estimated capacity (US$25–100M represented) and confidence rating (Very High) are indicative screening signals, not audited AUM. Sector Alignment / Strategic Adjacency computed via calibrated SBERT cosine similarity (all-MiniLM-L6-v2); other categories are rule-based screening estimates pending analyst review. | Risk level: Enhanced diligence | Source type: TBP internal intelligence report (public-source verified)",,,,,,TBP_Kenya_Private_Capital_Family_Office_Intelligence_Report_Tier_0_to_3.docx,
Africa,Kenya,Nairobi,Me & Eva Multi-Family Office,Established MFO / Investment Platform / Capital Gateway,Nairobi,Nairobi,Management team,"Wealth strategy, real estate, family governance, succession",East Africa trade corridor; Nairobi capital and logistics gateway; relevant to the TBP Kenya Neutral Trade Corridor Project (Lamu-Mombasa-Nairobi-Kisumu-JKIA).,MFO leadership / investment team,Official LinkedIn/company route,Tharushi / Capital Advisory Team,17,8,9,6,9,7,56,Monitor / Secondary Prospect,Medium-High,Identified,Indicative scored – review required,ke.linkedin.com/company/me-eva-mfo,"Screening-stage intelligence from TBP Kenya country intelligence report; estimated capacity (Emerging / represented family capital) and confidence rating (High) are indicative screening signals, not audited AUM. Sector Alignment / Strategic Adjacency computed via calibrated SBERT cosine similarity (all-MiniLM-L6-v2); other categories are rule-based screening estimates pending analyst review. | Risk level: Enhanced diligence | Source type: TBP internal intelligence report (public-source verified)",,,,,,TBP_Kenya_Private_Capital_Family_Office_Intelligence_Report_Tier_0_to_3.docx,
Africa,Kenya,,The Family Office Africa,Established MFO / Investment Platform / Capital Gateway,Kenya,Pan-African,MFO leadership,"Succession, wealth transfer, trusts, governance, strategic solutions",East Africa trade corridor; Nairobi capital and logistics gateway; relevant to the TBP Kenya Neutral Trade Corridor Project (Lamu-Mombasa-Nairobi-Kisumu-JKIA).,MFO leadership / investment relationship team,Official corporate route,Tharushi / Capital Advisory Team,17,8,12,6,15,7,65,Strong Potential Prospect,Medium-High,Identified,Indicative scored – review required,thefamilyofficeafrica.com/,"Screening-stage intelligence from TBP Kenya country intelligence report; estimated capacity (US$50–250M represented) and confidence rating (High) are indicative screening signals, not audited AUM. Sector Alignment / Strategic Adjacency computed via calibrated SBERT cosine similarity (all-MiniLM-L6-v2); other categories are rule-based screening estimates pending analyst review. | Risk level: Enhanced diligence | Source type: TBP internal intelligence report (public-source verified)",,,,,,TBP_Kenya_Private_Capital_Family_Office_Intelligence_Report_Tier_0_to_3.docx,
Africa,Kenya,,Goneke Investment Group,Established MFO / Investment Platform / Capital Gateway,Kenya,Africa / Kenya-linked,GIG leadership,"Private capital, structured finance, infrastructure, industrial projects",East Africa trade corridor; Nairobi capital and logistics gateway; relevant to the TBP Kenya Neutral Trade Corridor Project (Lamu-Mombasa-Nairobi-Kisumu-JKIA).,Investment / Structured Finance Team,Official corporate route,Tharushi / Capital Advisory Team,14,8,18,6,15,7,68,Strong Potential Prospect,Medium-High,Identified,Indicative scored – review required,goneke.com/,"Screening-stage intelligence from TBP Kenya country intelligence report; estimated capacity (US$50–250M+) and confidence rating (High) are indicative screening signals, not audited AUM. Sector Alignment / Strategic Adjacency computed via calibrated SBERT cosine similarity (all-MiniLM-L6-v2); other categories are rule-based screening estimates pending analyst review. | Risk level: Enhanced diligence | Source type: TBP internal intelligence report (public-source verified)",,,,,,TBP_Kenya_Private_Capital_Family_Office_Intelligence_Report_Tier_0_to_3.docx,
Africa,Kenya,Nairobi,Intex Capital Group,Established MFO / Investment Platform / Capital Gateway,Nairobi,Nairobi,Investment team,"Project finance, syndication, private lending, strategic capital",East Africa trade corridor; Nairobi capital and logistics gateway; relevant to the TBP Kenya Neutral Trade Corridor Project (Lamu-Mombasa-Nairobi-Kisumu-JKIA).,Investment Syndication / Capital Partnerships,Official corporate route / info@intexcapitalgroup.co | +254 733 764 676,Tharushi / Capital Advisory Team,14,8,20,6,15,8,71,Strong Potential Prospect,Medium-High,Identified,Indicative scored – review required,intexcapitalgroup.co/,"Screening-stage intelligence from TBP Kenya country intelligence report; estimated capacity (US$25–250M represented) and confidence rating (High) are indicative screening signals, not audited AUM. Sector Alignment / Strategic Adjacency computed via calibrated SBERT cosine similarity (all-MiniLM-L6-v2); other categories are rule-based screening estimates pending analyst review. | Risk level: Enhanced diligence | Source type: TBP internal intelligence report (public-source verified)",info@intexcapitalgroup.co,Official/public email - verify before outreach,intexcapitalgroup.co/,Use official group route; verify current contact before outreach.,8/24/2026,TBP_Kenya_Private_Capital_Family_Office_Intelligence_Report_Tier_0_to_3.docx,
Africa,Kenya,Nairobi,Decla Capital Advisors,Established MFO / Investment Platform / Capital Gateway,Nairobi,Nairobi,Investment team,"Capital raising, HNWI/family networks, growth businesses, infrastructure",East Africa trade corridor; Nairobi capital and logistics gateway; relevant to the TBP Kenya Neutral Trade Corridor Project (Lamu-Mombasa-Nairobi-Kisumu-JKIA).,Deal Team / Investor Targeting,Official corporate route / dealteam@declacapital.com,Tharushi / Capital Advisory Team,14,8,12,6,15,8,63,Monitor / Secondary Prospect,Medium-High,Identified,Indicative scored – review required,www.declacapital.com/,"Screening-stage intelligence from TBP Kenya country intelligence report; estimated capacity (US$25–100M+ represented) and confidence rating (High) are indicative screening signals, not audited AUM. Sector Alignment / Strategic Adjacency computed via calibrated SBERT cosine similarity (all-MiniLM-L6-v2); other categories are rule-based screening estimates pending analyst review. | Risk level: Enhanced diligence | Source type: TBP internal intelligence report (public-source verified)",dealteam@declacapital.com,Official/public email - verify before outreach,www.declacapital.com/,Use official group route; verify current contact before outreach.,8/24/2026,TBP_Kenya_Private_Capital_Family_Office_Intelligence_Report_Tier_0_to_3.docx,
Africa,Kenya,Nairobi,Pointe Africa,Established MFO / Investment Platform / Capital Gateway,Nairobi,Nairobi,Advisory / investment team,"Capital raising, family businesses, transaction advisory",East Africa trade corridor; Nairobi capital and logistics gateway; relevant to the TBP Kenya Neutral Trade Corridor Project (Lamu-Mombasa-Nairobi-Kisumu-JKIA).,Capital Raising / Wealth Management Team,Official corporate route,Tharushi / Capital Advisory Team,14,8,17,6,15,7,67,Strong Potential Prospect,Medium-High,Identified,Indicative scored – review required,www.pointeafrica.com/,"Screening-stage intelligence from TBP Kenya country intelligence report; estimated capacity (US$25–100M represented) and confidence rating (High) are indicative screening signals, not audited AUM. Sector Alignment / Strategic Adjacency computed via calibrated SBERT cosine similarity (all-MiniLM-L6-v2); other categories are rule-based screening estimates pending analyst review. | Risk level: Enhanced diligence | Source type: TBP internal intelligence report (public-source verified)",,,,,,TBP_Kenya_Private_Capital_Family_Office_Intelligence_Report_Tier_0_to_3.docx,
Africa,Kenya,Nairobi,Nairobi Private Wealth ecosystem,Established MFO / Investment Platform / Capital Gateway,Nairobi,Nairobi,Conference / wealth network,"Family office, private capital, succession, governance",East Africa trade corridor; Nairobi capital and logistics gateway; relevant to the TBP Kenya Neutral Trade Corridor Project (Lamu-Mombasa-Nairobi-Kisumu-JKIA).,Family office / investor relations network,Official conference route,Tharushi / Capital Advisory Team,14,8,20,12,15,5,74,Strong Potential Prospect,Medium-High,Identified,Indicative scored – review required,nairobiprivatewealth.com/,"Screening-stage intelligence from TBP Kenya country intelligence report; estimated capacity (Gateway / represented capital) and confidence rating (Medium) are indicative screening signals, not audited AUM. Sector Alignment / Strategic Adjacency computed via calibrated SBERT cosine similarity (all-MiniLM-L6-v2); other categories are rule-based screening estimates pending analyst review. | Risk level: Enhanced diligence | Source type: TBP internal intelligence report (public-source verified)",,,,,,TBP_Kenya_Private_Capital_Family_Office_Intelligence_Report_Tier_0_to_3.docx,
Africa,Kenya,Nairobi,Institute for Family Business Kenya,Established MFO / Investment Platform / Capital Gateway,Nairobi,Nairobi,Regina Akoth / leadership,"Family governance, family-office services, investment management advisory",East Africa trade corridor; Nairobi capital and logistics gateway; relevant to the TBP Kenya Neutral Trade Corridor Project (Lamu-Mombasa-Nairobi-Kisumu-JKIA).,Family Office Services / Family Business Advisory,Official institutional route,Tharushi / Capital Advisory Team,16,8,7,7,10,9,57,Monitor / Secondary Prospect,Medium-High,Identified,Indicative scored – review required,www.institutefamilybusiness.co.ke/,"Screening-stage intelligence from TBP Kenya country intelligence report; estimated capacity (Gateway to family enterprises) and confidence rating (Very High) are indicative screening signals, not audited AUM. Sector Alignment / Strategic Adjacency computed via calibrated SBERT cosine similarity (all-MiniLM-L6-v2); other categories are rule-based screening estimates pending analyst review. | Risk level: Enhanced diligence | Source type: TBP internal intelligence report (public-source verified)",,,,,,TBP_Kenya_Private_Capital_Family_Office_Intelligence_Report_Tier_0_to_3.docx,
Africa,Kenya,Nairobi,WKA Advocates — Family Office Practice,Established MFO / Investment Platform / Capital Gateway,Nairobi,Nairobi,WKA leadership,"Family office structuring, investment vehicles, succession, tax/legal",East Africa trade corridor; Nairobi capital and logistics gateway; relevant to the TBP Kenya Neutral Trade Corridor Project (Lamu-Mombasa-Nairobi-Kisumu-JKIA).,Corporate Commercial / Family Office Team,Official corporate route,Tharushi / Capital Advisory Team,17,8,0,7,4,7,43,Not Suitable Prospect,Medium-High,Identified,Indicative scored – review required,www.wka.co.ke/family-office-setup-in-kenya/,"Screening-stage intelligence from TBP Kenya country intelligence report; estimated capacity (Gateway / represented UHNW) and confidence rating (High) are indicative screening signals, not audited AUM. Sector Alignment / Strategic Adjacency computed via calibrated SBERT cosine similarity (all-MiniLM-L6-v2); other categories are rule-based screening estimates pending analyst review. | Risk level: Enhanced diligence | Source type: TBP internal intelligence report (public-source verified)",,,,,,TBP_Kenya_Private_Capital_Family_Office_Intelligence_Report_Tier_0_to_3.docx,
Africa,Kenya,Nairobi,CMA Kenya licensed investment managers,Established MFO / Investment Platform / Capital Gateway,Nairobi,Nairobi,Regulated investment-manager ecosystem,"Asset management, private-client and institutional investment",East Africa trade corridor; Nairobi capital and logistics gateway; relevant to the TBP Kenya Neutral Trade Corridor Project (Lamu-Mombasa-Nairobi-Kisumu-JKIA).,Investment / Institutional Client teams,CMA licensee directory,Tharushi / Capital Advisory Team,14,8,17,6,9,7,61,Monitor / Secondary Prospect,Medium-High,Identified,Indicative scored – review required,licensees.cma.or.ke/licenses/8/,"Screening-stage intelligence from TBP Kenya country intelligence report; estimated capacity (Institutional / represented capital) and confidence rating (High) are indicative screening signals, not audited AUM. Sector Alignment / Strategic Adjacency computed via calibrated SBERT cosine similarity (all-MiniLM-L6-v2); other categories are rule-based screening estimates pending analyst review. | Risk level: Enhanced diligence | Source type: TBP internal intelligence report (public-source verified)",,,,,,TBP_Kenya_Private_Capital_Family_Office_Intelligence_Report_Tier_0_to_3.docx,
Africa,Kenya,,JN Capital LLC,Specialist Investment Vehicle / Emerging Capital Channel,Kenya,Kenya / USA,Ngaruiya family,"Healthcare PE, real estate, capital management",East Africa trade corridor; Nairobi capital and logistics gateway; relevant to the TBP Kenya Neutral Trade Corridor Project (Lamu-Mombasa-Nairobi-Kisumu-JKIA).,Investment Team,Via JN Family Office,Tharushi / Capital Advisory Team,15,7,3,6,10,7,48,Not Suitable Prospect,Medium,Identified,Indicative scored – review required,jnfamilyoffice.com/,"Screening-stage intelligence from TBP Kenya country intelligence report; estimated capacity (US$25–100M+) and confidence rating (High) are indicative screening signals, not audited AUM. Sector Alignment / Strategic Adjacency computed via calibrated SBERT cosine similarity (all-MiniLM-L6-v2); other categories are rule-based screening estimates pending analyst review. | Risk level: Enhanced diligence | Source type: TBP internal intelligence report (public-source verified)",,,,,,TBP_Kenya_Private_Capital_Family_Office_Intelligence_Report_Tier_0_to_3.docx,
Africa,Kenya,,Nolan Health Management,Specialist Investment Vehicle / Emerging Capital Channel,Kenya,Kenya / USA,Ngaruiya family / JN Capital,Healthcare private equity / HCBS,East Africa trade corridor; Nairobi capital and logistics gateway; relevant to the TBP Kenya Neutral Trade Corridor Project (Lamu-Mombasa-Nairobi-Kisumu-JKIA).,JN Capital investment team,Via JN Family Office,Tharushi / Capital Advisory Team,15,7,1,6,13,7,49,Not Suitable Prospect,Medium,Identified,Indicative scored – review required,jnfamilyoffice.com/,"Screening-stage intelligence from TBP Kenya country intelligence report; estimated capacity (US$25–100M) and confidence rating (High) are indicative screening signals, not audited AUM. Sector Alignment / Strategic Adjacency computed via calibrated SBERT cosine similarity (all-MiniLM-L6-v2); other categories are rule-based screening estimates pending analyst review. | Risk level: Enhanced diligence | Source type: TBP internal intelligence report (public-source verified)",,,,,,TBP_Kenya_Private_Capital_Family_Office_Intelligence_Report_Tier_0_to_3.docx,
Africa,Kenya,,Nalani Capital,Specialist Investment Vehicle / Emerging Capital Channel,Kenya,Kenya / USA,Ngaruiya family / JN Capital,"Real estate development, acquisition, management",East Africa trade corridor; Nairobi capital and logistics gateway; relevant to the TBP Kenya Neutral Trade Corridor Project (Lamu-Mombasa-Nairobi-Kisumu-JKIA).,JN Capital investment team,Via JN Family Office,Tharushi / Capital Advisory Team,15,7,10,6,9,7,54,Monitor / Secondary Prospect,Medium,Identified,Indicative scored – review required,jnfamilyoffice.com/,"Screening-stage intelligence from TBP Kenya country intelligence report; estimated capacity (US$25–100M) and confidence rating (High) are indicative screening signals, not audited AUM. Sector Alignment / Strategic Adjacency computed via calibrated SBERT cosine similarity (all-MiniLM-L6-v2); other categories are rule-based screening estimates pending analyst review. | Risk level: Enhanced diligence | Source type: TBP internal intelligence report (public-source verified)",,,,,,TBP_Kenya_Private_Capital_Family_Office_Intelligence_Report_Tier_0_to_3.docx,
Africa,Kenya,,Niles Capital,Specialist Investment Vehicle / Emerging Capital Channel,Kenya,Kenya / USA,Ngaruiya family / JN Capital,"Asset management, capital preservation and growth",East Africa trade corridor; Nairobi capital and logistics gateway; relevant to the TBP Kenya Neutral Trade Corridor Project (Lamu-Mombasa-Nairobi-Kisumu-JKIA).,JN Capital investment team,Via JN Family Office,Tharushi / Capital Advisory Team,15,7,14,6,12,7,61,Monitor / Secondary Prospect,Medium,Identified,Indicative scored – review required,jnfamilyoffice.com/,"Screening-stage intelligence from TBP Kenya country intelligence report; estimated capacity (US$25–100M) and confidence rating (High) are indicative screening signals, not audited AUM. Sector Alignment / Strategic Adjacency computed via calibrated SBERT cosine similarity (all-MiniLM-L6-v2); other categories are rule-based screening estimates pending analyst review. | Risk level: Enhanced diligence | Source type: TBP internal intelligence report (public-source verified)",,,,,,TBP_Kenya_Private_Capital_Family_Office_Intelligence_Report_Tier_0_to_3.docx,
Africa,Kenya,,Nolan Farms,Specialist Investment Vehicle / Emerging Capital Channel,Kenya,Kenya,Ngaruiya family / JN Capital,"Livestock, meat production, agriculture",East Africa trade corridor; Nairobi capital and logistics gateway; relevant to the TBP Kenya Neutral Trade Corridor Project (Lamu-Mombasa-Nairobi-Kisumu-JKIA).,JN Capital / family investment team,Via JN Family Office,Tharushi / Capital Advisory Team,15,7,16,7,4,5,54,Monitor / Secondary Prospect,Medium,Identified,Indicative scored – review required,jnfamilyoffice.com/,"Screening-stage intelligence from TBP Kenya country intelligence report; estimated capacity (US$25–100M) and confidence rating (Medium) are indicative screening signals, not audited AUM. Sector Alignment / Strategic Adjacency computed via calibrated SBERT cosine similarity (all-MiniLM-L6-v2); other categories are rule-based screening estimates pending analyst review. | Risk level: Enhanced diligence | Source type: TBP internal intelligence report (public-source verified)",,,,,,TBP_Kenya_Private_Capital_Family_Office_Intelligence_Report_Tier_0_to_3.docx,
Africa,Kenya,Nairobi,Capital Alliance / East African private capital network,Specialist Investment Vehicle / Emerging Capital Channel,Nairobi,Nairobi,Investment/advisory ecosystem,"Private capital, corporate finance, investor introductions",East Africa trade corridor; Nairobi capital and logistics gateway; relevant to the TBP Kenya Neutral Trade Corridor Project (Lamu-Mombasa-Nairobi-Kisumu-JKIA).,Investment / Corporate Finance team,Official corporate route,Tharushi / Capital Advisory Team,13,7,20,6,15,5,66,Strong Potential Prospect,Medium,Identified,Indicative scored – review required,www.capitalalliance.co.ke/,"Screening-stage intelligence from TBP Kenya country intelligence report; estimated capacity (Gateway) and confidence rating (Medium) are indicative screening signals, not audited AUM. Sector Alignment / Strategic Adjacency computed via calibrated SBERT cosine similarity (all-MiniLM-L6-v2); other categories are rule-based screening estimates pending analyst review. | Risk level: Enhanced diligence | Source type: TBP internal intelligence report (public-source verified)",,,,,,TBP_Kenya_Private_Capital_Family_Office_Intelligence_Report_Tier_0_to_3.docx,
Africa,Kenya,Nairobi,Old Mutual / UAP private wealth ecosystem,Specialist Investment Vehicle / Emerging Capital Channel,Nairobi,Nairobi,Institutional / HNW platform,"Private wealth, alternatives, real assets, investment management",East Africa trade corridor; Nairobi capital and logistics gateway; relevant to the TBP Kenya Neutral Trade Corridor Project (Lamu-Mombasa-Nairobi-Kisumu-JKIA).,Private Wealth / Institutional Investments,Official corporate route,Tharushi / Capital Advisory Team,13,7,20,6,15,5,66,Strong Potential Prospect,Medium,Identified,Indicative scored – review required,www.oldmutual.co.ke/,"Screening-stage intelligence from TBP Kenya country intelligence report; estimated capacity (Represented capital) and confidence rating (Medium) are indicative screening signals, not audited AUM. Sector Alignment / Strategic Adjacency computed via calibrated SBERT cosine similarity (all-MiniLM-L6-v2); other categories are rule-based screening estimates pending analyst review. | Risk level: Enhanced diligence | Source type: TBP internal intelligence report (public-source verified)",,,,,,TBP_Kenya_Private_Capital_Family_Office_Intelligence_Report_Tier_0_to_3.docx,
Africa,Nigeria,Lagos,Dangote Group,Strategic Anchor Family Capital,Lagos,"Leadway Marble House, 1 Alfred Rewane Rd, Ikoyi, Lagos",Aliko Dangote,"Industrial infrastructure, ports, logistics, energy",West Africa trade and energy gateway; Lagos/Abuja capital hub; relevant to TBP's West Africa corridor and energy-security thesis.,Investor Relations / Partnerships,Official corporate route / ir@dangote.com; partnerships@dangote.com; communications@dangote.com | +234 1 448 0815,Tharushi / Capital Advisory Team,16,8,20,13,15,5,77,Strong Potential Prospect,Priority,Identified,Indicative scored – review required,dangote.com/contact-us,"Screening-stage intelligence from TBP Nigeria country intelligence report; estimated capacity ($1–10B+) and confidence rating (not stated) are indicative screening signals, not audited AUM. Sector Alignment / Strategic Adjacency computed via calibrated SBERT cosine similarity (all-MiniLM-L6-v2); other categories are rule-based screening estimates pending analyst review. | Risk level: Enhanced diligence | Source type: TBP internal intelligence report (public-source verified)",ir@dangote.com,Official/public email - verify before outreach,dangote.com/contact-us,Use official group route; verify current contact before outreach.,8/24/2026,TBP_Nigeria_Private_Capital_Intelligence_Tier_0_to_3_Investment_Contacts.docx,
Africa,Nigeria,Lagos,BUA Group,Strategic Anchor Family Capital,Lagos,"BUA Towers, Churchgate St, Victoria Island, Lagos",Abdul Samad Rabiu,"Cement, ports, food security, industrial parks",West Africa trade and energy gateway; Lagos/Abuja capital hub; relevant to TBP's West Africa corridor and energy-security thesis.,Group Corporate Office / Strategic Partnerships,Official corporate route / Public corporate contact: info@buagroup.com* | +234 1 4610669-70,Tharushi / Capital Advisory Team,16,8,18,7,15,5,69,Strong Potential Prospect,Priority,Identified,Indicative scored – review required,buagroup.com/contact,"Screening-stage intelligence from TBP Nigeria country intelligence report; estimated capacity ($500M–5B) and confidence rating (not stated) are indicative screening signals, not audited AUM. Sector Alignment / Strategic Adjacency computed via calibrated SBERT cosine similarity (all-MiniLM-L6-v2); other categories are rule-based screening estimates pending analyst review. | Risk level: Enhanced diligence | Source type: TBP internal intelligence report (public-source verified)",info@buagroup.com,Official/public email - verify before outreach,buagroup.com/contact,Use official group route; verify current contact before outreach.,8/24/2026,TBP_Nigeria_Private_Capital_Intelligence_Tier_0_to_3_Investment_Contacts.docx,
Africa,Nigeria,Lagos,Heirs Holdings,Strategic Anchor Family Capital,Lagos,"Heirs Place, 1 MacGregor Rd, Ikoyi, Lagos",Tony & Dr Awele Elumelu,"Energy, finance, healthcare, infrastructure",West Africa trade and energy gateway; Lagos/Abuja capital hub; relevant to TBP's West Africa corridor and energy-security thesis.,Office of the Chairman / Corporate Contact,Official contact form; investment email not publicly disclosed | +234 201 2774641-5,Tharushi / Capital Advisory Team,16,8,15,11,1,4,55,Monitor / Secondary Prospect,Priority,Identified,Indicative scored – review required,heirsholdings.com/contact,"Screening-stage intelligence from TBP Nigeria country intelligence report; estimated capacity ($250M–2B) and confidence rating (not stated) are indicative screening signals, not audited AUM. Sector Alignment / Strategic Adjacency computed via calibrated SBERT cosine similarity (all-MiniLM-L6-v2); other categories are rule-based screening estimates pending analyst review. | Risk level: Enhanced diligence | Source type: TBP internal intelligence report (public-source verified)",,,,,,TBP_Nigeria_Private_Capital_Intelligence_Tier_0_to_3_Investment_Contacts.docx,
Africa,Nigeria,Lagos,Mike Adenuga Family Office / Globacom / Conoil,Strategic Anchor Family Capital,Lagos,"Lagos, Nigeria",Mike Adenuga,"Telecom, subsea connectivity, data infrastructure, energy",West Africa trade and energy gateway; Lagos/Abuja capital hub; relevant to TBP's West Africa corridor and energy-security thesis.,Corporate Affairs / Enterprise Business / Chairman's Office,Official corporate route; investment contact not publicly disclosed,Tharushi / Capital Advisory Team,19,8,0,11,13,4,55,Monitor / Secondary Prospect,Priority,Identified,Indicative scored – review required,gloworld.com,"Screening-stage intelligence from TBP Nigeria country intelligence report; estimated capacity ($500M–3B) and confidence rating (not stated) are indicative screening signals, not audited AUM. Sector Alignment / Strategic Adjacency computed via calibrated SBERT cosine similarity (all-MiniLM-L6-v2); other categories are rule-based screening estimates pending analyst review. | Risk level: Enhanced diligence | Source type: TBP internal intelligence report (public-source verified)",,,,,,TBP_Nigeria_Private_Capital_Intelligence_Tier_0_to_3_Investment_Contacts.docx,
Africa,Nigeria,Lagos,Aiteo Group,Strategic Anchor Family Capital,Lagos,"Lagos, Nigeria",Benedict Peters,"Oil & gas, strategic infrastructure",West Africa trade and energy gateway; Lagos/Abuja capital hub; relevant to TBP's West Africa corridor and energy-security thesis.,Corporate Affairs / Business Development,Official corporate route; investment contact not publicly disclosed,Tharushi / Capital Advisory Team,16,8,20,7,15,4,70,Strong Potential Prospect,Priority,Identified,Indicative scored – review required,aiteogroup.com,"Screening-stage intelligence from TBP Nigeria country intelligence report; estimated capacity ($500M–2B) and confidence rating (not stated) are indicative screening signals, not audited AUM. Sector Alignment / Strategic Adjacency computed via calibrated SBERT cosine similarity (all-MiniLM-L6-v2); other categories are rule-based screening estimates pending analyst review. | Risk level: Enhanced diligence | Source type: TBP internal intelligence report (public-source verified)",,,,,,TBP_Nigeria_Private_Capital_Intelligence_Tier_0_to_3_Investment_Contacts.docx,
Africa,Nigeria,Lagos,Sahara Group,Strategic Anchor Family Capital,Lagos,"168B Ozumba Mbadiwe, Victoria Island, Lagos",Tonye Cole & Tope Sonubi,"Energy, logistics, infrastructure",West Africa trade and energy gateway; Lagos/Abuja capital hub; relevant to TBP's West Africa corridor and energy-security thesis.,Group Corporate Affairs / Strategic Partnerships,Official corporate route / sahara@sahara-group.com | +234 1 279 3800-4,Tharushi / Capital Advisory Team,16,8,12,7,12,5,60,Monitor / Secondary Prospect,Priority,Identified,Indicative scored – review required,sahara-group.com/contact,"Screening-stage intelligence from TBP Nigeria country intelligence report; estimated capacity ($250M–1B) and confidence rating (not stated) are indicative screening signals, not audited AUM. Sector Alignment / Strategic Adjacency computed via calibrated SBERT cosine similarity (all-MiniLM-L6-v2); other categories are rule-based screening estimates pending analyst review. | Risk level: Enhanced diligence | Source type: TBP internal intelligence report (public-source verified)",sahara@sahara-group.com,Official/public email - verify before outreach,sahara-group.com/contact,Use official group route; verify current contact before outreach.,8/24/2026,TBP_Nigeria_Private_Capital_Intelligence_Tier_0_to_3_Investment_Contacts.docx,
Africa,Nigeria,Lagos,Oriental Energy Resources,Strategic Anchor Family Capital,Lagos,"Abuja / Victoria Island, Lagos",Mohammed Indimi,"Energy, sovereign partnerships",West Africa trade and energy gateway; Lagos/Abuja capital hub; relevant to TBP's West Africa corridor and energy-security thesis.,Corporate Affairs / Strategic Partnerships,Official corporate route / info@oriental-er.com; corporatecomms@oriental-er.com | +234 201 2796001,Tharushi / Capital Advisory Team,16,8,16,7,15,5,67,Strong Potential Prospect,Priority,Identified,Indicative scored – review required,orientalenergy.com.ng/contact-us,"Screening-stage intelligence from TBP Nigeria country intelligence report; estimated capacity ($250M–1B) and confidence rating (not stated) are indicative screening signals, not audited AUM. Sector Alignment / Strategic Adjacency computed via calibrated SBERT cosine similarity (all-MiniLM-L6-v2); other categories are rule-based screening estimates pending analyst review. | Risk level: Enhanced diligence | Source type: TBP internal intelligence report (public-source verified)",info@oriental-er.com,Official/public email - verify before outreach,orientalenergy.com.ng/contact-us,Use official group route; verify current contact before outreach.,8/24/2026,TBP_Nigeria_Private_Capital_Intelligence_Tier_0_to_3_Investment_Contacts.docx,
Africa,Nigeria,Lagos,Geregu Power Plc,Strategic Anchor Family Capital,Lagos,"13 Walter Carrington Crescent, Victoria Island, Lagos",Femi Otedola,"Power generation, energy transition, digital infrastructure",West Africa trade and energy gateway; Lagos/Abuja capital hub; relevant to TBP's West Africa corridor and energy-security thesis.,Investor Relations / Corporate Development,Official corporate route / info@geregupowerplc.com | +234 1 2802049,Tharushi / Capital Advisory Team,16,8,9,13,15,5,66,Strong Potential Prospect,Priority,Identified,Indicative scored – review required,geregupowerplc.com/investor-relations,"Screening-stage intelligence from TBP Nigeria country intelligence report; estimated capacity ($250M–1B) and confidence rating (not stated) are indicative screening signals, not audited AUM. Sector Alignment / Strategic Adjacency computed via calibrated SBERT cosine similarity (all-MiniLM-L6-v2); other categories are rule-based screening estimates pending analyst review. | Risk level: Enhanced diligence | Source type: TBP internal intelligence report (public-source verified)",info@geregupowerplc.com,Official/public email - verify before outreach,geregupowerplc.com/investor-relations,Use official group route; verify current contact before outreach.,8/24/2026,TBP_Nigeria_Private_Capital_Intelligence_Tier_0_to_3_Investment_Contacts.docx,Geregu Holdings
Africa,Nigeria,Lagos,Jim Ovia Family Investments / Zenith Founder Interests,Strategic Anchor Family Capital,Lagos,"Lagos, Nigeria",Jim Ovia,"Financial services, technology, infrastructure",West Africa trade and energy gateway; Lagos/Abuja capital hub; relevant to TBP's West Africa corridor and energy-security thesis.,Chairman's Office / Investor Relations equivalent,Corporate route via Zenith Bank; personal investment email not publicly disclosed,Tharushi / Capital Advisory Team,18,8,0,13,0,4,43,Not Suitable Prospect,Priority,Identified,Indicative scored – review required,zenithbank.com,"Screening-stage intelligence from TBP Nigeria country intelligence report; estimated capacity ($250M–1B) and confidence rating (not stated) are indicative screening signals, not audited AUM. Sector Alignment / Strategic Adjacency computed via calibrated SBERT cosine similarity (all-MiniLM-L6-v2); other categories are rule-based screening estimates pending analyst review. | Risk level: Enhanced diligence | Source type: TBP internal intelligence report (public-source verified)",,,,,,TBP_Nigeria_Private_Capital_Intelligence_Tier_0_to_3_Investment_Contacts.docx,
Africa,Nigeria,Lagos,Nestoil Group,Strategic Anchor Family Capital,Lagos,"Nestoil Tower, 41/42 Akin Adesola St, Victoria Island, Lagos",Ernest Azudialu-Obiejesi,"Energy engineering, EPC, infrastructure",West Africa trade and energy gateway; Lagos/Abuja capital hub; relevant to TBP's West Africa corridor and energy-security thesis.,Group Corporate Affairs / Business Development,Official corporate route / info@nestoilgroup.com | 01 700 0232,Tharushi / Capital Advisory Team,16,8,18,7,15,5,69,Strong Potential Prospect,Priority,Identified,Indicative scored – review required,nestoilgroup.com/contact,"Screening-stage intelligence from TBP Nigeria country intelligence report; estimated capacity ($250M–1B) and confidence rating (not stated) are indicative screening signals, not audited AUM. Sector Alignment / Strategic Adjacency computed via calibrated SBERT cosine similarity (all-MiniLM-L6-v2); other categories are rule-based screening estimates pending analyst review. | Risk level: Enhanced diligence | Source type: TBP internal intelligence report (public-source verified)",info@nestoilgroup.com,Official/public email - verify before outreach,nestoilgroup.com/contact,Use official group route; verify current contact before outreach.,8/24/2026,TBP_Nigeria_Private_Capital_Intelligence_Tier_0_to_3_Investment_Contacts.docx,Nestoil
Africa,Nigeria,Lagos,Globacom / Conoil,Major Family Office / Founder-Led Conglomerate,Lagos,Lagos,Mike Adenuga,"Telecom, oil & gas",West Africa trade and energy gateway; Lagos/Abuja capital hub; relevant to TBP's West Africa corridor and energy-security thesis.,Corporate Affairs / Enterprise Business,Official corporate route; investment contact not publicly disclosed,Tharushi / Capital Advisory Team,15,8,0,7,11,4,45,Not Suitable Prospect,High,Identified,Indicative scored – review required,gloworld.com,"Screening-stage intelligence from TBP Nigeria country intelligence report; estimated capacity ($100M–$5B+) and confidence rating (not stated) are indicative screening signals, not audited AUM. Sector Alignment / Strategic Adjacency computed via calibrated SBERT cosine similarity (all-MiniLM-L6-v2); other categories are rule-based screening estimates pending analyst review. | Risk level: Enhanced diligence | Source type: TBP internal intelligence report (public-source verified)",,,,,,TBP_Nigeria_Private_Capital_Intelligence_Tier_0_to_3_Investment_Contacts.docx,
Africa,Nigeria,Lagos,Lee Engineering Group,Major Family Office / Founder-Led Conglomerate,Lagos,"39 Norman Williams St, Ikoyi, Lagos",Leemon Ikpea,"Engineering, EPC, energy infrastructure",West Africa trade and energy gateway; Lagos/Abuja capital hub; relevant to TBP's West Africa corridor and energy-security thesis.,Business Development / Corporate Office,Official corporate route / info@lee-engineering.net | +234 1 904 9850; +234 708 416 6957,Tharushi / Capital Advisory Team,15,8,4,7,6,5,45,Not Suitable Prospect,High,Identified,Indicative scored – review required,lee-engineering.net/contact,"Screening-stage intelligence from TBP Nigeria country intelligence report; estimated capacity ($100M–$5B+) and confidence rating (not stated) are indicative screening signals, not audited AUM. Sector Alignment / Strategic Adjacency computed via calibrated SBERT cosine similarity (all-MiniLM-L6-v2); other categories are rule-based screening estimates pending analyst review. | Risk level: Enhanced diligence | Source type: TBP internal intelligence report (public-source verified)",info@lee-engineering.net,Official/public email - verify before outreach,lee-engineering.net/contact,Use official group route; verify current contact before outreach.,8/24/2026,TBP_Nigeria_Private_Capital_Intelligence_Tier_0_to_3_Investment_Contacts.docx,
Africa,Nigeria,Lagos,Flour Mills of Nigeria,Major Family Office / Founder-Led Conglomerate,Lagos,Lagos,Coumantaros family / Group,"Manufacturing, food processing",West Africa trade and energy gateway; Lagos/Abuja capital hub; relevant to TBP's West Africa corridor and energy-security thesis.,Investor Relations / Corporate Affairs,Official IR/corporate route,Tharushi / Capital Advisory Team,17,8,0,13,0,4,42,Not Suitable Prospect,High,Identified,Indicative scored – review required,fmnplc.com,"Screening-stage intelligence from TBP Nigeria country intelligence report; estimated capacity ($100M–$5B+) and confidence rating (not stated) are indicative screening signals, not audited AUM. Sector Alignment / Strategic Adjacency computed via calibrated SBERT cosine similarity (all-MiniLM-L6-v2); other categories are rule-based screening estimates pending analyst review. | Risk level: Enhanced diligence | Source type: TBP internal intelligence report (public-source verified)",,,,,,TBP_Nigeria_Private_Capital_Intelligence_Tier_0_to_3_Investment_Contacts.docx,
Africa,Nigeria,Lagos,Honeywell Group,Major Family Office / Founder-Led Conglomerate,Lagos,"6B Mekunwen Rd, Ikoyi, Lagos",Oba Otudeko,"Infrastructure, foods, energy",West Africa trade and energy gateway; Lagos/Abuja capital hub; relevant to TBP's West Africa corridor and energy-security thesis.,Corporate Office / Strategic Investments,Official contact form | +234 1 290 0525; +234 1 290 6707,Tharushi / Capital Advisory Team,15,8,3,7,12,4,49,Not Suitable Prospect,High,Identified,Indicative scored – review required,honeywellgroup.com/contact,"Screening-stage intelligence from TBP Nigeria country intelligence report; estimated capacity ($100M–$5B+) and confidence rating (not stated) are indicative screening signals, not audited AUM. Sector Alignment / Strategic Adjacency computed via calibrated SBERT cosine similarity (all-MiniLM-L6-v2); other categories are rule-based screening estimates pending analyst review. | Risk level: Enhanced diligence | Source type: TBP internal intelligence report (public-source verified)",,,,,,TBP_Nigeria_Private_Capital_Intelligence_Tier_0_to_3_Investment_Contacts.docx,
Africa,Nigeria,Lagos,TGI Group,Major Family Office / Founder-Led Conglomerate,Lagos,Lagos,Farouk Gumel,"Agriculture, FMCG, manufacturing",West Africa trade and energy gateway; Lagos/Abuja capital hub; relevant to TBP's West Africa corridor and energy-security thesis.,Group Corporate Affairs / Business Development,Official corporate route,Tharushi / Capital Advisory Team,15,8,0,7,4,4,38,Not Suitable Prospect,High,Identified,Indicative scored – review required,tgi.com,"Screening-stage intelligence from TBP Nigeria country intelligence report; estimated capacity ($100M–$5B+) and confidence rating (not stated) are indicative screening signals, not audited AUM. Sector Alignment / Strategic Adjacency computed via calibrated SBERT cosine similarity (all-MiniLM-L6-v2); other categories are rule-based screening estimates pending analyst review. | Risk level: Enhanced diligence | Source type: TBP internal intelligence report (public-source verified)",,,,,,TBP_Nigeria_Private_Capital_Intelligence_Tier_0_to_3_Investment_Contacts.docx,
Africa,Nigeria,Lagos,Coscharis Group,Major Family Office / Founder-Led Conglomerate,Lagos,"KM 32 Lekki-Epe Expressway, Awoyaya, Lagos",Cosmas Maduka,"Automotive, agriculture, technology",West Africa trade and energy gateway; Lagos/Abuja capital hub; relevant to TBP's West Africa corridor and energy-security thesis.,Group Corporate Office / Business Development,Official corporate route / info@coscharisgroup.net | +234 808 852 6528,Tharushi / Capital Advisory Team,15,8,0,7,0,5,35,Not Suitable Prospect,High,Identified,Indicative scored – review required,coscharisgroup.net/contact,"Screening-stage intelligence from TBP Nigeria country intelligence report; estimated capacity ($100M–$5B+) and confidence rating (not stated) are indicative screening signals, not audited AUM. Sector Alignment / Strategic Adjacency computed via calibrated SBERT cosine similarity (all-MiniLM-L6-v2); other categories are rule-based screening estimates pending analyst review. | Risk level: Enhanced diligence | Source type: TBP internal intelligence report (public-source verified)",info@coscharisgroup.net,Official/public email - verify before outreach,coscharisgroup.net/contact,Use official group route; verify current contact before outreach.,8/24/2026,TBP_Nigeria_Private_Capital_Intelligence_Tier_0_to_3_Investment_Contacts.docx,
Africa,Nigeria,Lagos,Stallion Group,Major Family Office / Founder-Led Conglomerate,Lagos,Lagos,Sunil Vaswani,"Agriculture, manufacturing, distribution",West Africa trade and energy gateway; Lagos/Abuja capital hub; relevant to TBP's West Africa corridor and energy-security thesis.,Corporate Office / Strategic Partnerships,Official corporate route,Tharushi / Capital Advisory Team,15,8,0,7,0,4,34,Not Suitable Prospect,High,Identified,Indicative scored – review required,stalliongroup.com,"Screening-stage intelligence from TBP Nigeria country intelligence report; estimated capacity ($100M–$5B+) and confidence rating (not stated) are indicative screening signals, not audited AUM. Sector Alignment / Strategic Adjacency computed via calibrated SBERT cosine similarity (all-MiniLM-L6-v2); other categories are rule-based screening estimates pending analyst review. | Risk level: Enhanced diligence | Source type: TBP internal intelligence report (public-source verified)",,,,,,TBP_Nigeria_Private_Capital_Intelligence_Tier_0_to_3_Investment_Contacts.docx,
Africa,Nigeria,Lagos,SIFAX Group,Major Family Office / Founder-Led Conglomerate,Lagos,"54 Warehouse Rd, Apapa, Lagos",Taiwo Afolabi,"Ports, maritime, logistics",West Africa trade and energy gateway; Lagos/Abuja capital hub; relevant to TBP's West Africa corridor and energy-security thesis.,Group Corporate Affairs / Business Development,Official corporate route / info@sifaxgroup.com | +234 810 5364 016,Tharushi / Capital Advisory Team,15,8,2,7,5,5,42,Not Suitable Prospect,High,Identified,Indicative scored – review required,sifaxgroup.com/contact-us,"Screening-stage intelligence from TBP Nigeria country intelligence report; estimated capacity ($100M–$5B+) and confidence rating (not stated) are indicative screening signals, not audited AUM. Sector Alignment / Strategic Adjacency computed via calibrated SBERT cosine similarity (all-MiniLM-L6-v2); other categories are rule-based screening estimates pending analyst review. | Risk level: Enhanced diligence | Source type: TBP internal intelligence report (public-source verified)",info@sifaxgroup.com,Official/public email - verify before outreach,sifaxgroup.com/contact-us,Use official group route; verify current contact before outreach.,8/24/2026,TBP_Nigeria_Private_Capital_Intelligence_Tier_0_to_3_Investment_Contacts.docx,
Africa,Nigeria,Lagos,MRS Holdings,Major Family Office / Founder-Led Conglomerate,Lagos,Lagos,Sayyu Dantata,"Energy, logistics",West Africa trade and energy gateway; Lagos/Abuja capital hub; relevant to TBP's West Africa corridor and energy-security thesis.,Corporate Development / IR equivalent,Official corporate route,Tharushi / Capital Advisory Team,15,8,8,7,5,4,47,Not Suitable Prospect,High,Identified,Indicative scored – review required,mrsoilnigeria.com,"Screening-stage intelligence from TBP Nigeria country intelligence report; estimated capacity ($100M–$5B+) and confidence rating (not stated) are indicative screening signals, not audited AUM. Sector Alignment / Strategic Adjacency computed via calibrated SBERT cosine similarity (all-MiniLM-L6-v2); other categories are rule-based screening estimates pending analyst review. | Risk level: Enhanced diligence | Source type: TBP internal intelligence report (public-source verified)",,,,,,TBP_Nigeria_Private_Capital_Intelligence_Tier_0_to_3_Investment_Contacts.docx,
Africa,Nigeria,Lagos,Oando Plc,Major Family Office / Founder-Led Conglomerate,Lagos,Lagos,Adewale Tinubu,Energy and oil & gas,West Africa trade and energy gateway; Lagos/Abuja capital hub; relevant to TBP's West Africa corridor and energy-security thesis.,Investor Relations / Corporate Affairs,Corporate investor-relations route,Tharushi / Capital Advisory Team,15,8,0,13,8,4,48,Not Suitable Prospect,High,Identified,Indicative scored – review required,oandoplc.com,"Screening-stage intelligence from TBP Nigeria country intelligence report; estimated capacity ($100M–$5B+) and confidence rating (not stated) are indicative screening signals, not audited AUM. Sector Alignment / Strategic Adjacency computed via calibrated SBERT cosine similarity (all-MiniLM-L6-v2); other categories are rule-based screening estimates pending analyst review. | Risk level: Enhanced diligence | Source type: TBP internal intelligence report (public-source verified)",,,,,,TBP_Nigeria_Private_Capital_Intelligence_Tier_0_to_3_Investment_Contacts.docx,
Africa,Nigeria,Lagos,LADOL,Major Family Office / Founder-Led Conglomerate,Lagos,Lagos,Ladi Jadesimi / Amy Jadesimi,"Maritime logistics, industrial free zone",West Africa trade and energy gateway; Lagos/Abuja capital hub; relevant to TBP's West Africa corridor and energy-security thesis.,Business Development / Partnerships,Official corporate route / info@ladol.com,Tharushi / Capital Advisory Team,15,8,11,7,11,5,57,Monitor / Secondary Prospect,High,Identified,Indicative scored – review required,ladol.com,"Screening-stage intelligence from TBP Nigeria country intelligence report; estimated capacity ($100M–$1B) and confidence rating (not stated) are indicative screening signals, not audited AUM. Sector Alignment / Strategic Adjacency computed via calibrated SBERT cosine similarity (all-MiniLM-L6-v2); other categories are rule-based screening estimates pending analyst review. | Risk level: Enhanced diligence | Source type: TBP internal intelligence report (public-source verified)",info@ladol.com,Official/public email - verify before outreach,ladol.com,Use official group route; verify current contact before outreach.,8/24/2026,TBP_Nigeria_Private_Capital_Intelligence_Tier_0_to_3_Investment_Contacts.docx,
Africa,Nigeria,Lagos,Famfa Oil,Major Family Office / Founder-Led Conglomerate,Lagos,Lagos,Folorunso Alakija,Offshore energy,West Africa trade and energy gateway; Lagos/Abuja capital hub; relevant to TBP's West Africa corridor and energy-security thesis.,Chairman's Office / Corporate Affairs,Official corporate route,Tharushi / Capital Advisory Team,15,8,9,11,6,4,53,Monitor / Secondary Prospect,High,Identified,Indicative scored – review required,famfa.com,"Screening-stage intelligence from TBP Nigeria country intelligence report; estimated capacity ($100M–$1B) and confidence rating (not stated) are indicative screening signals, not audited AUM. Sector Alignment / Strategic Adjacency computed via calibrated SBERT cosine similarity (all-MiniLM-L6-v2); other categories are rule-based screening estimates pending analyst review. | Risk level: Enhanced diligence | Source type: TBP internal intelligence report (public-source verified)",,,,,,TBP_Nigeria_Private_Capital_Intelligence_Tier_0_to_3_Investment_Contacts.docx,
Africa,Nigeria,Lagos,Yinka Folawiyo Group,Major Family Office / Founder-Led Conglomerate,Lagos,Lagos,Tunde Folawiyo,"Energy, maritime, property",West Africa trade and energy gateway; Lagos/Abuja capital hub; relevant to TBP's West Africa corridor and energy-security thesis.,Group Corporate Office / Business Development,Official corporate route,Tharushi / Capital Advisory Team,15,8,0,7,7,4,41,Not Suitable Prospect,High,Identified,Indicative scored – review required,yinkafolawiyo.com,"Screening-stage intelligence from TBP Nigeria country intelligence report; estimated capacity ($100M–$500M) and confidence rating (not stated) are indicative screening signals, not audited AUM. Sector Alignment / Strategic Adjacency computed via calibrated SBERT cosine similarity (all-MiniLM-L6-v2); other categories are rule-based screening estimates pending analyst review. | Risk level: Enhanced diligence | Source type: TBP internal intelligence report (public-source verified)",,,,,,TBP_Nigeria_Private_Capital_Intelligence_Tier_0_to_3_Investment_Contacts.docx,
Africa,Nigeria,Lagos,Rainoil Limited,Major Family Office / Founder-Led Conglomerate,Lagos,"35 Kofo Abayomi St, Victoria Island, Lagos",Gabriel Ogbechie,"Downstream energy, logistics",West Africa trade and energy gateway; Lagos/Abuja capital hub; relevant to TBP's West Africa corridor and energy-security thesis.,Group Managing Director / Corporate Office,Official corporate route / info@rainoil.com.ng; support@rainoil.com.ng | 0700RAINOIL,Tharushi / Capital Advisory Team,15,8,5,11,7,5,51,Monitor / Secondary Prospect,High,Identified,Indicative scored – review required,rainoil.com/contact-us,"Screening-stage intelligence from TBP Nigeria country intelligence report; estimated capacity ($100M–$500M) and confidence rating (not stated) are indicative screening signals, not audited AUM. Sector Alignment / Strategic Adjacency computed via calibrated SBERT cosine similarity (all-MiniLM-L6-v2); other categories are rule-based screening estimates pending analyst review. | Risk level: Enhanced diligence | Source type: TBP internal intelligence report (public-source verified)",info@rainoil.com.ng,Official/public email - verify before outreach,rainoil.com/contact-us,Use official group route; verify current contact before outreach.,8/24/2026,TBP_Nigeria_Private_Capital_Intelligence_Tier_0_to_3_Investment_Contacts.docx,
Africa,Nigeria,Lagos,Caverton Offshore Support Group,Established MFO / Investment Platform / Capital Gateway,Lagos,"1 Prince Kayode Akingbade Close, Victoria Island, Lagos",Aderemi Makanjuola,"Aviation, marine logistics",West Africa trade and energy gateway; Lagos/Abuja capital hub; relevant to TBP's West Africa corridor and energy-security thesis.,Corporate Affairs / Business Development,Official corporate route / info@caverton-offshore.com | 01-2275656 / 5757 / 5858,Tharushi / Capital Advisory Team,14,8,7,6,15,5,55,Monitor / Secondary Prospect,Medium-High,Identified,Indicative scored – review required,caverton-offshore.com/contacts,"Screening-stage intelligence from TBP Nigeria country intelligence report; estimated capacity ($20M–$250M) and confidence rating (not stated) are indicative screening signals, not audited AUM. Sector Alignment / Strategic Adjacency computed via calibrated SBERT cosine similarity (all-MiniLM-L6-v2); other categories are rule-based screening estimates pending analyst review. | Risk level: Enhanced diligence | Source type: TBP internal intelligence report (public-source verified)",info@caverton-offshore.com,Official/public email - verify before outreach,caverton-offshore.com/contacts,Use official group route; verify current contact before outreach.,8/24/2026,TBP_Nigeria_Private_Capital_Intelligence_Tier_0_to_3_Investment_Contacts.docx,
Africa,Nigeria,Lagos,ENL Consortium,Established MFO / Investment Platform / Capital Gateway,Lagos,"26 Burma Road, Apapa, Lagos",Princess Vicky Haastrup / Group leadership,"Ports, maritime, logistics, construction",West Africa trade and energy gateway; Lagos/Abuja capital hub; relevant to TBP's West Africa corridor and energy-security thesis.,Infrastructure & Business Development / GMD,Official corporate route / contactus@enlconsortium.com | +234 1 2778400; +234 809 8483191,Tharushi / Capital Advisory Team,14,8,20,6,15,5,68,Strong Potential Prospect,Medium-High,Identified,Indicative scored – review required,enlconsortiumltd.com/contact-us,"Screening-stage intelligence from TBP Nigeria country intelligence report; estimated capacity ($20M–$250M) and confidence rating (not stated) are indicative screening signals, not audited AUM. Sector Alignment / Strategic Adjacency computed via calibrated SBERT cosine similarity (all-MiniLM-L6-v2); other categories are rule-based screening estimates pending analyst review. | Risk level: Enhanced diligence | Source type: TBP internal intelligence report (public-source verified)",contactus@enlconsortium.com,Official/public email - verify before outreach,enlconsortiumltd.com/contact-us,Use official group route; verify current contact before outreach.,8/24/2026,TBP_Nigeria_Private_Capital_Intelligence_Tier_0_to_3_Investment_Contacts.docx,
Africa,Nigeria,Lagos,FCMB Group,Established MFO / Investment Platform / Capital Gateway,Lagos,Lagos,Ladi Balogun / shareholder network,Financial services,West Africa trade and energy gateway; Lagos/Abuja capital hub; relevant to TBP's West Africa corridor and energy-security thesis.,Investor Relations / Corporate Development,Official corporate route / investor.relations@fcmb.com,Tharushi / Capital Advisory Team,14,8,0,12,15,5,54,Monitor / Secondary Prospect,Medium-High,Identified,Indicative scored – review required,fcmb.com,"Screening-stage intelligence from TBP Nigeria country intelligence report; estimated capacity ($20M–$250M) and confidence rating (not stated) are indicative screening signals, not audited AUM. Sector Alignment / Strategic Adjacency computed via calibrated SBERT cosine similarity (all-MiniLM-L6-v2); other categories are rule-based screening estimates pending analyst review. | Risk level: Enhanced diligence | Source type: TBP internal intelligence report (public-source verified)",investor.relations@fcmb.com,Official/public email - verify before outreach,fcmb.com,Use official group route; verify current contact before outreach.,8/24/2026,TBP_Nigeria_Private_Capital_Intelligence_Tier_0_to_3_Investment_Contacts.docx,
Africa,Nigeria,Lagos,Fidelity Bank,Established MFO / Investment Platform / Capital Gateway,Lagos,Lagos,Founder/shareholder network,"Banking, financial infrastructure",West Africa trade and energy gateway; Lagos/Abuja capital hub; relevant to TBP's West Africa corridor and energy-security thesis.,Investor Relations / Corporate Affairs,Official corporate route / investor@fidelitybank.ng,Tharushi / Capital Advisory Team,16,8,10,12,14,5,65,Strong Potential Prospect,Medium-High,Identified,Indicative scored – review required,fidelitybank.ng,"Screening-stage intelligence from TBP Nigeria country intelligence report; estimated capacity ($20M–$250M) and confidence rating (not stated) are indicative screening signals, not audited AUM. Sector Alignment / Strategic Adjacency computed via calibrated SBERT cosine similarity (all-MiniLM-L6-v2); other categories are rule-based screening estimates pending analyst review. | Risk level: Enhanced diligence | Source type: TBP internal intelligence report (public-source verified)",investor@fidelitybank.ng,Official/public email - verify before outreach,fidelitybank.ng,Use official group route; verify current contact before outreach.,8/24/2026,TBP_Nigeria_Private_Capital_Intelligence_Tier_0_to_3_Investment_Contacts.docx,
Africa,Nigeria,Lagos,FirstHoldCo / FirstBank legacy shareholder families,Established MFO / Investment Platform / Capital Gateway,Lagos,Lagos,Legacy shareholder families,"Banking, financial services",West Africa trade and energy gateway; Lagos/Abuja capital hub; relevant to TBP's West Africa corridor and energy-security thesis.,Investor Relations / Company Secretariat,Corporate investor-relations route,Tharushi / Capital Advisory Team,14,8,0,12,2,4,40,Not Suitable Prospect,Medium-High,Identified,Indicative scored – review required,firstholdco.com,"Screening-stage intelligence from TBP Nigeria country intelligence report; estimated capacity ($20M–$250M) and confidence rating (not stated) are indicative screening signals, not audited AUM. Sector Alignment / Strategic Adjacency computed via calibrated SBERT cosine similarity (all-MiniLM-L6-v2); other categories are rule-based screening estimates pending analyst review. | Risk level: Enhanced diligence | Source type: TBP internal intelligence report (public-source verified)",,,,,,TBP_Nigeria_Private_Capital_Intelligence_Tier_0_to_3_Investment_Contacts.docx,
Africa,Nigeria,Lagos,Aradel Holdings,Established MFO / Investment Platform / Capital Gateway,Lagos,Lagos,Investor group / institutional shareholders,"Upstream energy, infrastructure",West Africa trade and energy gateway; Lagos/Abuja capital hub; relevant to TBP's West Africa corridor and energy-security thesis.,Investor Relations / Corporate Development,Corporate IR route,Tharushi / Capital Advisory Team,14,8,17,12,15,4,70,Strong Potential Prospect,Medium-High,Identified,Indicative scored – review required,aradel.com,"Screening-stage intelligence from TBP Nigeria country intelligence report; estimated capacity ($20M–$250M) and confidence rating (not stated) are indicative screening signals, not audited AUM. Sector Alignment / Strategic Adjacency computed via calibrated SBERT cosine similarity (all-MiniLM-L6-v2); other categories are rule-based screening estimates pending analyst review. | Risk level: Enhanced diligence | Source type: TBP internal intelligence report (public-source verified)",,,,,,TBP_Nigeria_Private_Capital_Intelligence_Tier_0_to_3_Investment_Contacts.docx,
Africa,Nigeria,Lagos,Neconde Energy,Established MFO / Investment Platform / Capital Gateway,Lagos,Lagos,Institutional shareholders,Upstream energy,West Africa trade and energy gateway; Lagos/Abuja capital hub; relevant to TBP's West Africa corridor and energy-security thesis.,Corporate Affairs / Business Development,Official corporate route,Tharushi / Capital Advisory Team,14,8,19,6,15,4,66,Strong Potential Prospect,Medium-High,Identified,Indicative scored – review required,neconde.com,"Screening-stage intelligence from TBP Nigeria country intelligence report; estimated capacity ($20M–$250M) and confidence rating (not stated) are indicative screening signals, not audited AUM. Sector Alignment / Strategic Adjacency computed via calibrated SBERT cosine similarity (all-MiniLM-L6-v2); other categories are rule-based screening estimates pending analyst review. | Risk level: Enhanced diligence | Source type: TBP internal intelligence report (public-source verified)",,,,,,TBP_Nigeria_Private_Capital_Intelligence_Tier_0_to_3_Investment_Contacts.docx,
Africa,Nigeria,Lagos,Waltersmith Group,Established MFO / Investment Platform / Capital Gateway,Lagos,"47 Glover Road, Ikoyi, Lagos",Abdulrazaq Isa,"Modular refining, energy",West Africa trade and energy gateway; Lagos/Abuja capital hub; relevant to TBP's West Africa corridor and energy-security thesis.,Corporate Office / Business Development,Official corporate route / info@waltersmithng.com | +234 201 4606580,Tharushi / Capital Advisory Team,14,8,5,6,15,5,53,Monitor / Secondary Prospect,Medium-High,Identified,Indicative scored – review required,waltersmithng.com/contact-us,"Screening-stage intelligence from TBP Nigeria country intelligence report; estimated capacity ($20M–$250M) and confidence rating (not stated) are indicative screening signals, not audited AUM. Sector Alignment / Strategic Adjacency computed via calibrated SBERT cosine similarity (all-MiniLM-L6-v2); other categories are rule-based screening estimates pending analyst review. | Risk level: Enhanced diligence | Source type: TBP internal intelligence report (public-source verified)",info@waltersmithng.com,Official/public email - verify before outreach,waltersmithng.com/contact-us,Use official group route; verify current contact before outreach.,8/24/2026,TBP_Nigeria_Private_Capital_Intelligence_Tier_0_to_3_Investment_Contacts.docx,
Africa,Nigeria,,AA Rano Group,Established MFO / Investment Platform / Capital Gateway,Nigeria,Nigeria,Auwalu Abdullahi Rano,"Petroleum, logistics",West Africa trade and energy gateway; Lagos/Abuja capital hub; relevant to TBP's West Africa corridor and energy-security thesis.,Corporate Affairs / Business Development,Official corporate route,Tharushi / Capital Advisory Team,14,8,9,6,15,4,56,Monitor / Secondary Prospect,Medium-High,Identified,Indicative scored – review required,aarano.com,"Screening-stage intelligence from TBP Nigeria country intelligence report; estimated capacity ($20M–$250M) and confidence rating (not stated) are indicative screening signals, not audited AUM. Sector Alignment / Strategic Adjacency computed via calibrated SBERT cosine similarity (all-MiniLM-L6-v2); other categories are rule-based screening estimates pending analyst review. | Risk level: Enhanced diligence | Source type: TBP internal intelligence report (public-source verified)",,,,,,TBP_Nigeria_Private_Capital_Intelligence_Tier_0_to_3_Investment_Contacts.docx,
Africa,Nigeria,,Boff & Company,Established MFO / Investment Platform / Capital Gateway,Nigeria,Nigeria,Babatunde Omotoba,Oil & gas services,West Africa trade and energy gateway; Lagos/Abuja capital hub; relevant to TBP's West Africa corridor and energy-security thesis.,Business Development / Corporate Office,Official corporate route,Tharushi / Capital Advisory Team,14,8,0,6,15,4,47,Not Suitable Prospect,Medium-High,Identified,Indicative scored – review required,,"Screening-stage intelligence from TBP Nigeria country intelligence report; estimated capacity ($20M–$150M) and confidence rating (not stated) are indicative screening signals, not audited AUM. Sector Alignment / Strategic Adjacency computed via calibrated SBERT cosine similarity (all-MiniLM-L6-v2); other categories are rule-based screening estimates pending analyst review. | Risk level: Enhanced diligence | Source type: TBP internal intelligence report (public-source verified)",,,,,,TBP_Nigeria_Private_Capital_Intelligence_Tier_0_to_3_Investment_Contacts.docx,
Africa,Nigeria,Lagos,SaroAfrica International,Established MFO / Investment Platform / Capital Gateway,Lagos,"Empire Place, Victoria Island, Lagos",Family ownership,"Agriculture, manufacturing",West Africa trade and energy gateway; Lagos/Abuja capital hub; relevant to TBP's West Africa corridor and energy-security thesis.,Corporate Affairs / Business Development,Official corporate route / info@saroafrica.com | +234 1 631 1110,Tharushi / Capital Advisory Team,16,8,17,6,14,5,66,Strong Potential Prospect,Medium-High,Identified,Indicative scored – review required,saroafrica.com,"Screening-stage intelligence from TBP Nigeria country intelligence report; estimated capacity ($20M–$250M) and confidence rating (not stated) are indicative screening signals, not audited AUM. Sector Alignment / Strategic Adjacency computed via calibrated SBERT cosine similarity (all-MiniLM-L6-v2); other categories are rule-based screening estimates pending analyst review. | Risk level: Enhanced diligence | Source type: TBP internal intelligence report (public-source verified)",info@saroafrica.com,Official/public email - verify before outreach,saroafrica.com,Use official group route; verify current contact before outreach.,8/24/2026,TBP_Nigeria_Private_Capital_Intelligence_Tier_0_to_3_Investment_Contacts.docx,
Africa,Nigeria,Lagos,Beloxxi Industries,Established MFO / Investment Platform / Capital Gateway,Lagos,"Plot 8A Kudirat Abiola Way, Oregun, Lagos",Patel family / management,"FMCG, manufacturing",West Africa trade and energy gateway; Lagos/Abuja capital hub; relevant to TBP's West Africa corridor and energy-security thesis.,Corporate Office / Business Development,Official corporate route / beloxxi@beloxxigroup.com | +234 1 700 6990,Tharushi / Capital Advisory Team,16,8,20,6,15,5,70,Strong Potential Prospect,Medium-High,Identified,Indicative scored – review required,beloxxigroup.com/contact,"Screening-stage intelligence from TBP Nigeria country intelligence report; estimated capacity ($20M–$250M) and confidence rating (not stated) are indicative screening signals, not audited AUM. Sector Alignment / Strategic Adjacency computed via calibrated SBERT cosine similarity (all-MiniLM-L6-v2); other categories are rule-based screening estimates pending analyst review. | Risk level: Enhanced diligence | Source type: TBP internal intelligence report (public-source verified)",beloxxi@beloxxigroup.com,Official/public email - verify before outreach,beloxxigroup.com/contact,Use official group route; verify current contact before outreach.,8/24/2026,TBP_Nigeria_Private_Capital_Intelligence_Tier_0_to_3_Investment_Contacts.docx,
Africa,Nigeria,Lagos,Eleganza Group,Established MFO / Investment Platform / Capital Gateway,Lagos,Lagos,Rasaq Okoya,"Manufacturing, consumer goods",West Africa trade and energy gateway; Lagos/Abuja capital hub; relevant to TBP's West Africa corridor and energy-security thesis.,Chairman's Office / Business Development,Official corporate route,Tharushi / Capital Advisory Team,14,8,19,10,15,4,70,Strong Potential Prospect,Medium-High,Identified,Indicative scored – review required,eleganzaindustries.com,"Screening-stage intelligence from TBP Nigeria country intelligence report; estimated capacity ($20M–$250M) and confidence rating (not stated) are indicative screening signals, not audited AUM. Sector Alignment / Strategic Adjacency computed via calibrated SBERT cosine similarity (all-MiniLM-L6-v2); other categories are rule-based screening estimates pending analyst review. | Risk level: Enhanced diligence | Source type: TBP internal intelligence report (public-source verified)",,,,,,TBP_Nigeria_Private_Capital_Intelligence_Tier_0_to_3_Investment_Contacts.docx,
Africa,Nigeria,,Rite Foods,Established MFO / Investment Platform / Capital Gateway,Nigeria,Nigeria,Sulaiman Adegunwa,Food and beverages,West Africa trade and energy gateway; Lagos/Abuja capital hub; relevant to TBP's West Africa corridor and energy-security thesis.,Corporate Affairs / Business Development,Official corporate route,Tharushi / Capital Advisory Team,14,8,0,6,8,4,40,Not Suitable Prospect,Medium-High,Identified,Indicative scored – review required,ritefoodsng.com,"Screening-stage intelligence from TBP Nigeria country intelligence report; estimated capacity ($20M–$250M) and confidence rating (not stated) are indicative screening signals, not audited AUM. Sector Alignment / Strategic Adjacency computed via calibrated SBERT cosine similarity (all-MiniLM-L6-v2); other categories are rule-based screening estimates pending analyst review. | Risk level: Enhanced diligence | Source type: TBP internal intelligence report (public-source verified)",,,,,,TBP_Nigeria_Private_Capital_Intelligence_Tier_0_to_3_Investment_Contacts.docx,
Africa,Nigeria,,Ibeto Group,Established MFO / Investment Platform / Capital Gateway,Nigeria,Nigeria,Cletus Ibeto,"Manufacturing, cement, logistics",West Africa trade and energy gateway; Lagos/Abuja capital hub; relevant to TBP's West Africa corridor and energy-security thesis.,Chairman's Office / Corporate Affairs,Official corporate route,Tharushi / Capital Advisory Team,14,8,16,10,15,4,67,Strong Potential Prospect,Medium-High,Identified,Indicative scored – review required,,"Screening-stage intelligence from TBP Nigeria country intelligence report; estimated capacity ($20M–$250M) and confidence rating (not stated) are indicative screening signals, not audited AUM. Sector Alignment / Strategic Adjacency computed via calibrated SBERT cosine similarity (all-MiniLM-L6-v2); other categories are rule-based screening estimates pending analyst review. | Risk level: Enhanced diligence | Source type: TBP internal intelligence report (public-source verified)",,,,,,TBP_Nigeria_Private_Capital_Intelligence_Tier_0_to_3_Investment_Contacts.docx,
Africa,Nigeria,Lagos,WEMPCO Group,Established MFO / Investment Platform / Capital Gateway,Lagos,Lagos,Wei family / management,"Steel, manufacturing",West Africa trade and energy gateway; Lagos/Abuja capital hub; relevant to TBP's West Africa corridor and energy-security thesis.,Corporate Office / Business Development,Official corporate route,Tharushi / Capital Advisory Team,16,8,10,6,15,4,59,Monitor / Secondary Prospect,Medium-High,Identified,Indicative scored – review required,,"Screening-stage intelligence from TBP Nigeria country intelligence report; estimated capacity ($20M–$250M) and confidence rating (not stated) are indicative screening signals, not audited AUM. Sector Alignment / Strategic Adjacency computed via calibrated SBERT cosine similarity (all-MiniLM-L6-v2); other categories are rule-based screening estimates pending analyst review. | Risk level: Enhanced diligence | Source type: TBP internal intelligence report (public-source verified)",,,,,,TBP_Nigeria_Private_Capital_Intelligence_Tier_0_to_3_Investment_Contacts.docx,
Africa,Nigeria,Lagos,Elalan Construction,Established MFO / Investment Platform / Capital Gateway,Lagos,Lagos,Kola Karim / management,"Construction, engineering",West Africa trade and energy gateway; Lagos/Abuja capital hub; relevant to TBP's West Africa corridor and energy-security thesis.,Business Development / Corporate Office,Official corporate route,Tharushi / Capital Advisory Team,14,8,20,6,15,4,67,Strong Potential Prospect,Medium-High,Identified,Indicative scored – review required,elalan.com,"Screening-stage intelligence from TBP Nigeria country intelligence report; estimated capacity ($20M–$250M) and confidence rating (not stated) are indicative screening signals, not audited AUM. Sector Alignment / Strategic Adjacency computed via calibrated SBERT cosine similarity (all-MiniLM-L6-v2); other categories are rule-based screening estimates pending analyst review. | Risk level: Enhanced diligence | Source type: TBP internal intelligence report (public-source verified)",,,,,,TBP_Nigeria_Private_Capital_Intelligence_Tier_0_to_3_Investment_Contacts.docx,
Africa,Nigeria,Lagos,Brains & Hammers,Established MFO / Investment Platform / Capital Gateway,Lagos,"112A Olabode George St, Victoria Island, Lagos",Gidado Umar,"Real estate, smart cities",West Africa trade and energy gateway; Lagos/Abuja capital hub; relevant to TBP's West Africa corridor and energy-security thesis.,Business Development / Investments,Official corporate route / info@brainsandhammers.co; info@brainsandhammers.com | +234 704 589 8874,Tharushi / Capital Advisory Team,14,8,20,6,15,5,68,Strong Potential Prospect,Medium-High,Identified,Indicative scored – review required,brainsandhammers.com/contact-us-2,"Screening-stage intelligence from TBP Nigeria country intelligence report; estimated capacity ($20M–$250M) and confidence rating (not stated) are indicative screening signals, not audited AUM. Sector Alignment / Strategic Adjacency computed via calibrated SBERT cosine similarity (all-MiniLM-L6-v2); other categories are rule-based screening estimates pending analyst review. | Risk level: Enhanced diligence | Source type: TBP internal intelligence report (public-source verified)",info@brainsandhammers.co,Official/public email - verify before outreach,brainsandhammers.com/contact-us-2,Use official group route; verify current contact before outreach.,8/24/2026,TBP_Nigeria_Private_Capital_Intelligence_Tier_0_to_3_Investment_Contacts.docx,
Africa,Nigeria,Lagos,Sujimoto Group,Established MFO / Investment Platform / Capital Gateway,Lagos,Lagos,Sijibomi Ogundele,"Luxury real estate, urban development",West Africa trade and energy gateway; Lagos/Abuja capital hub; relevant to TBP's West Africa corridor and energy-security thesis.,Business Development / Investments,Official corporate route,Tharushi / Capital Advisory Team,14,8,0,6,6,4,38,Not Suitable Prospect,Medium-High,Identified,Indicative scored – review required,sujimotong.com,"Screening-stage intelligence from TBP Nigeria country intelligence report; estimated capacity ($20M–$250M) and confidence rating (not stated) are indicative screening signals, not audited AUM. Sector Alignment / Strategic Adjacency computed via calibrated SBERT cosine similarity (all-MiniLM-L6-v2); other categories are rule-based screening estimates pending analyst review. | Risk level: Enhanced diligence | Source type: TBP internal intelligence report (public-source verified)",,,,,,TBP_Nigeria_Private_Capital_Intelligence_Tier_0_to_3_Investment_Contacts.docx,
Africa,Nigeria,Lagos,Landmark Africa,Established MFO / Investment Platform / Capital Gateway,Lagos,Lagos,Paul Onwuanibe,"Mixed-use development, hospitality",West Africa trade and energy gateway; Lagos/Abuja capital hub; relevant to TBP's West Africa corridor and energy-security thesis.,Corporate Development / Partnerships,Official corporate route / info@landmarkafrica.com,Tharushi / Capital Advisory Team,14,8,13,6,15,5,61,Monitor / Secondary Prospect,Medium-High,Identified,Indicative scored – review required,landmarkafrica.com,"Screening-stage intelligence from TBP Nigeria country intelligence report; estimated capacity ($20M–$250M) and confidence rating (not stated) are indicative screening signals, not audited AUM. Sector Alignment / Strategic Adjacency computed via calibrated SBERT cosine similarity (all-MiniLM-L6-v2); other categories are rule-based screening estimates pending analyst review. | Risk level: Enhanced diligence | Source type: TBP internal intelligence report (public-source verified)",info@landmarkafrica.com,Official/public email - verify before outreach,landmarkafrica.com,Use official group route; verify current contact before outreach.,8/24/2026,TBP_Nigeria_Private_Capital_Intelligence_Tier_0_to_3_Investment_Contacts.docx,
Africa,Nigeria,Lagos,CWG Plc,Established MFO / Investment Platform / Capital Gateway,Lagos,Lagos,Austin Okere / management,Enterprise technology,West Africa trade and energy gateway; Lagos/Abuja capital hub; relevant to TBP's West Africa corridor and energy-security thesis.,Investor Relations / Business Development,Official corporate route / info@cwg-plc.com,Tharushi / Capital Advisory Team,14,8,12,12,15,5,66,Strong Potential Prospect,Medium-High,Identified,Indicative scored – review required,cwg-plc.com,"Screening-stage intelligence from TBP Nigeria country intelligence report; estimated capacity ($20M–$150M) and confidence rating (not stated) are indicative screening signals, not audited AUM. Sector Alignment / Strategic Adjacency computed via calibrated SBERT cosine similarity (all-MiniLM-L6-v2); other categories are rule-based screening estimates pending analyst review. | Risk level: Enhanced diligence | Source type: TBP internal intelligence report (public-source verified)",info@cwg-plc.com,Official/public email - verify before outreach,cwg-plc.com,Use official group route; verify current contact before outreach.,8/24/2026,TBP_Nigeria_Private_Capital_Intelligence_Tier_0_to_3_Investment_Contacts.docx,
Africa,Nigeria,Lagos,SystemSpecs,Established MFO / Investment Platform / Capital Gateway,Lagos,Lagos,John Obaro,"Fintech, enterprise software, GovTech",West Africa trade and energy gateway; Lagos/Abuja capital hub; relevant to TBP's West Africa corridor and energy-security thesis.,Business Development / Corporate Office,Official corporate route / info@systemspecs.com.ng,Tharushi / Capital Advisory Team,14,8,16,6,15,5,64,Monitor / Secondary Prospect,Medium-High,Identified,Indicative scored – review required,systemspecs.com.ng,"Screening-stage intelligence from TBP Nigeria country intelligence report; estimated capacity ($20M–$150M) and confidence rating (not stated) are indicative screening signals, not audited AUM. Sector Alignment / Strategic Adjacency computed via calibrated SBERT cosine similarity (all-MiniLM-L6-v2); other categories are rule-based screening estimates pending analyst review. | Risk level: Enhanced diligence | Source type: TBP internal intelligence report (public-source verified)",info@systemspecs.com.ng,Official/public email - verify before outreach,systemspecs.com.ng,Use official group route; verify current contact before outreach.,8/24/2026,TBP_Nigeria_Private_Capital_Intelligence_Tier_0_to_3_Investment_Contacts.docx,
Africa,Nigeria,Lagos,Innoson Group,Established MFO / Investment Platform / Capital Gateway,Lagos,Nnewi/Lagos,Innocent Chukwuma,Automotive manufacturing,West Africa trade and energy gateway; Lagos/Abuja capital hub; relevant to TBP's West Africa corridor and energy-security thesis.,Chairman's Office / Corporate Affairs,Official corporate route,Tharushi / Capital Advisory Team,14,8,9,10,14,4,59,Monitor / Secondary Prospect,Medium-High,Identified,Indicative scored – review required,innosonvehicles.com,"Screening-stage intelligence from TBP Nigeria country intelligence report; estimated capacity ($20M–$250M) and confidence rating (not stated) are indicative screening signals, not audited AUM. Sector Alignment / Strategic Adjacency computed via calibrated SBERT cosine similarity (all-MiniLM-L6-v2); other categories are rule-based screening estimates pending analyst review. | Risk level: Enhanced diligence | Source type: TBP internal intelligence report (public-source verified)",,,,,,TBP_Nigeria_Private_Capital_Intelligence_Tier_0_to_3_Investment_Contacts.docx,
Africa,Nigeria,Lagos,Atlas Oranto Petroleum,Specialist Investment Vehicle / Emerging Capital Channel,Lagos,Abuja/Lagos,Arthur Eze,"Energy, upstream oil & gas",West Africa trade and energy gateway; Lagos/Abuja capital hub; relevant to TBP's West Africa corridor and energy-security thesis.,Chairman's Office / Corporate Affairs,Official corporate route,Tharushi / Capital Advisory Team,13,7,20,10,15,4,69,Strong Potential Prospect,Medium,Identified,Indicative scored – review required,,"Screening-stage intelligence from TBP Nigeria country intelligence report; estimated capacity ($5M–$100M+) and confidence rating (not stated) are indicative screening signals, not audited AUM. Sector Alignment / Strategic Adjacency computed via calibrated SBERT cosine similarity (all-MiniLM-L6-v2); other categories are rule-based screening estimates pending analyst review. | Risk level: Enhanced diligence | Source type: TBP internal intelligence report (public-source verified)",,,,,,TBP_Nigeria_Private_Capital_Intelligence_Tier_0_to_3_Investment_Contacts.docx,
Africa,Nigeria,,Chrome Group,Specialist Investment Vehicle / Emerging Capital Channel,Nigeria,Nigeria,Emeka Offor,"Energy, logistics, infrastructure",West Africa trade and energy gateway; Lagos/Abuja capital hub; relevant to TBP's West Africa corridor and energy-security thesis.,Chairman's Office / Business Development,Official corporate route,Tharushi / Capital Advisory Team,13,7,20,10,15,4,69,Strong Potential Prospect,Medium,Identified,Indicative scored – review required,,"Screening-stage intelligence from TBP Nigeria country intelligence report; estimated capacity ($5M–$100M+) and confidence rating (not stated) are indicative screening signals, not audited AUM. Sector Alignment / Strategic Adjacency computed via calibrated SBERT cosine similarity (all-MiniLM-L6-v2); other categories are rule-based screening estimates pending analyst review. | Risk level: Enhanced diligence | Source type: TBP internal intelligence report (public-source verified)",,,,,,TBP_Nigeria_Private_Capital_Intelligence_Tier_0_to_3_Investment_Contacts.docx,
Africa,Nigeria,Lagos,Seplat / Healthcare Interests,Specialist Investment Vehicle / Emerging Capital Channel,Lagos,Lagos,ABC Orjiako,"Energy, healthcare",West Africa trade and energy gateway; Lagos/Abuja capital hub; relevant to TBP's West Africa corridor and energy-security thesis.,Corporate Development / Investor Relations,Corporate IR route,Tharushi / Capital Advisory Team,13,7,18,12,15,4,69,Strong Potential Prospect,Medium,Identified,Indicative scored – review required,seplatenergy.com,"Screening-stage intelligence from TBP Nigeria country intelligence report; estimated capacity ($5M–$100M+) and confidence rating (not stated) are indicative screening signals, not audited AUM. Sector Alignment / Strategic Adjacency computed via calibrated SBERT cosine similarity (all-MiniLM-L6-v2); other categories are rule-based screening estimates pending analyst review. | Risk level: Enhanced diligence | Source type: TBP internal intelligence report (public-source verified)",,,,,,TBP_Nigeria_Private_Capital_Intelligence_Tier_0_to_3_Investment_Contacts.docx,
Africa,Nigeria,,Kunoch / Diamond Bank legacy family interests,Specialist Investment Vehicle / Emerging Capital Channel,Nigeria,Nigeria,Pascal Dozie family,"Investment holdings, technology",West Africa trade and energy gateway; Lagos/Abuja capital hub; relevant to TBP's West Africa corridor and energy-security thesis.,Family Office / Investment Office,Not publicly disclosed; use official corporate route,Tharushi / Capital Advisory Team,15,7,9,7,7,4,49,Not Suitable Prospect,Medium,Identified,Indicative scored – review required,,"Screening-stage intelligence from TBP Nigeria country intelligence report; estimated capacity ($5M–$100M+) and confidence rating (not stated) are indicative screening signals, not audited AUM. Sector Alignment / Strategic Adjacency computed via calibrated SBERT cosine similarity (all-MiniLM-L6-v2); other categories are rule-based screening estimates pending analyst review. | Risk level: Enhanced diligence | Source type: TBP internal intelligence report (public-source verified)",,,,,,TBP_Nigeria_Private_Capital_Intelligence_Tier_0_to_3_Investment_Contacts.docx,
Africa,Nigeria,Lagos,Zinox Technologies,Specialist Investment Vehicle / Emerging Capital Channel,Lagos,Lagos,Leo Stan Ekeh,"ICT, digital infrastructure",West Africa trade and energy gateway; Lagos/Abuja capital hub; relevant to TBP's West Africa corridor and energy-security thesis.,Chairman's Office / Business Development,Official corporate route / enquiries@zinoxtechnologies.com,Tharushi / Capital Advisory Team,13,7,20,10,15,5,70,Strong Potential Prospect,Medium,Identified,Indicative scored – review required,zinoxtechnologies.com,"Screening-stage intelligence from TBP Nigeria country intelligence report; estimated capacity ($5M–$100M+) and confidence rating (not stated) are indicative screening signals, not audited AUM. Sector Alignment / Strategic Adjacency computed via calibrated SBERT cosine similarity (all-MiniLM-L6-v2); other categories are rule-based screening estimates pending analyst review. | Risk level: Enhanced diligence | Source type: TBP internal intelligence report (public-source verified)",enquiries@zinoxtechnologies.com,Official/public email - verify before outreach,zinoxtechnologies.com,Use official group route; verify current contact before outreach.,8/24/2026,TBP_Nigeria_Private_Capital_Intelligence_Tier_0_to_3_Investment_Contacts.docx,
Africa,Nigeria,Lagos,Air Peace,Specialist Investment Vehicle / Emerging Capital Channel,Lagos,Lagos,Allen Onyema,"Aviation, logistics",West Africa trade and energy gateway; Lagos/Abuja capital hub; relevant to TBP's West Africa corridor and energy-security thesis.,Corporate Affairs / Business Development,Official corporate route,Tharushi / Capital Advisory Team,13,7,20,6,15,4,65,Strong Potential Prospect,Medium,Identified,Indicative scored – review required,flyairpeace.com,"Screening-stage intelligence from TBP Nigeria country intelligence report; estimated capacity ($5M–$100M+) and confidence rating (not stated) are indicative screening signals, not audited AUM. Sector Alignment / Strategic Adjacency computed via calibrated SBERT cosine similarity (all-MiniLM-L6-v2); other categories are rule-based screening estimates pending analyst review. | Risk level: Enhanced diligence | Source type: TBP internal intelligence report (public-source verified)",,,,,,TBP_Nigeria_Private_Capital_Intelligence_Tier_0_to_3_Investment_Contacts.docx,
Africa,Nigeria,,Capital Oil legacy / Estate interests,Specialist Investment Vehicle / Emerging Capital Channel,Nigeria,Nigeria,Ifeanyi Ubah estate,"Energy, logistics",West Africa trade and energy gateway; Lagos/Abuja capital hub; relevant to TBP's West Africa corridor and energy-security thesis.,Estate / Corporate Representatives,Not publicly disclosed; use official route,Tharushi / Capital Advisory Team,13,7,20,6,15,4,65,Strong Potential Prospect,Medium,Identified,Indicative scored – review required,,"Screening-stage intelligence from TBP Nigeria country intelligence report; estimated capacity ($5M–$100M+) and confidence rating (not stated) are indicative screening signals, not audited AUM. Sector Alignment / Strategic Adjacency computed via calibrated SBERT cosine similarity (all-MiniLM-L6-v2); other categories are rule-based screening estimates pending analyst review. | Risk level: Enhanced diligence | Source type: TBP internal intelligence report (public-source verified)",,,,,,TBP_Nigeria_Private_Capital_Intelligence_Tier_0_to_3_Investment_Contacts.docx,
Africa,Nigeria,,Cubana Group,Specialist Investment Vehicle / Emerging Capital Channel,Nigeria,Nigeria,Obinna Iyiegbu (Obi Cubana),"Hospitality, entertainment",West Africa trade and energy gateway; Lagos/Abuja capital hub; relevant to TBP's West Africa corridor and energy-security thesis.,Chairman's Office / Business Development,Official corporate route,Tharushi / Capital Advisory Team,13,7,4,10,0,4,38,Not Suitable Prospect,Medium,Identified,Indicative scored – review required,,"Screening-stage intelligence from TBP Nigeria country intelligence report; estimated capacity ($5M–$100M+) and confidence rating (not stated) are indicative screening signals, not audited AUM. Sector Alignment / Strategic Adjacency computed via calibrated SBERT cosine similarity (all-MiniLM-L6-v2); other categories are rule-based screening estimates pending analyst review. | Risk level: Enhanced diligence | Source type: TBP internal intelligence report (public-source verified)",,,,,,TBP_Nigeria_Private_Capital_Intelligence_Tier_0_to_3_Investment_Contacts.docx,
Africa,Nigeria,Lagos,Chisco Group,Specialist Investment Vehicle / Emerging Capital Channel,Lagos,Lagos,Chidi Anyaegbu,"Transport, logistics",West Africa trade and energy gateway; Lagos/Abuja capital hub; relevant to TBP's West Africa corridor and energy-security thesis.,Chairman's Office / Business Development,Official corporate route,Tharushi / Capital Advisory Team,13,7,20,10,15,4,69,Strong Potential Prospect,Medium,Identified,Indicative scored – review required,,"Screening-stage intelligence from TBP Nigeria country intelligence report; estimated capacity ($5M–$100M+) and confidence rating (not stated) are indicative screening signals, not audited AUM. Sector Alignment / Strategic Adjacency computed via calibrated SBERT cosine similarity (all-MiniLM-L6-v2); other categories are rule-based screening estimates pending analyst review. | Risk level: Enhanced diligence | Source type: TBP internal intelligence report (public-source verified)",,,,,,TBP_Nigeria_Private_Capital_Intelligence_Tier_0_to_3_Investment_Contacts.docx,
Africa,Nigeria,,Multi-Trex Integrated Foods,Specialist Investment Vehicle / Emerging Capital Channel,Nigeria,Nigeria,John Mbonu,"Agriculture, food processing",West Africa trade and energy gateway; Lagos/Abuja capital hub; relevant to TBP's West Africa corridor and energy-security thesis.,Corporate Office / Business Development,Official corporate route,Tharushi / Capital Advisory Team,13,7,16,6,14,4,60,Monitor / Secondary Prospect,Medium,Identified,Indicative scored – review required,,"Screening-stage intelligence from TBP Nigeria country intelligence report; estimated capacity ($5M–$100M+) and confidence rating (not stated) are indicative screening signals, not audited AUM. Sector Alignment / Strategic Adjacency computed via calibrated SBERT cosine similarity (all-MiniLM-L6-v2); other categories are rule-based screening estimates pending analyst review. | Risk level: Enhanced diligence | Source type: TBP internal intelligence report (public-source verified)",,,,,,TBP_Nigeria_Private_Capital_Intelligence_Tier_0_to_3_Investment_Contacts.docx,
Africa,Nigeria,,Chikason Group,Specialist Investment Vehicle / Emerging Capital Channel,Nigeria,Nigeria,Alex Chika Okafor,"Manufacturing, energy",West Africa trade and energy gateway; Lagos/Abuja capital hub; relevant to TBP's West Africa corridor and energy-security thesis.,Chairman's Office / Business Development,Official corporate route,Tharushi / Capital Advisory Team,13,7,15,10,15,4,64,Monitor / Secondary Prospect,Medium,Identified,Indicative scored – review required,,"Screening-stage intelligence from TBP Nigeria country intelligence report; estimated capacity ($5M–$100M+) and confidence rating (not stated) are indicative screening signals, not audited AUM. Sector Alignment / Strategic Adjacency computed via calibrated SBERT cosine similarity (all-MiniLM-L6-v2); other categories are rule-based screening estimates pending analyst review. | Risk level: Enhanced diligence | Source type: TBP internal intelligence report (public-source verified)",,,,,,TBP_Nigeria_Private_Capital_Intelligence_Tier_0_to_3_Investment_Contacts.docx,
Africa,Nigeria,,Louis Carter Group,Specialist Investment Vehicle / Emerging Capital Channel,Nigeria,Nigeria,Founder family / management,Manufacturing,West Africa trade and energy gateway; Lagos/Abuja capital hub; relevant to TBP's West Africa corridor and energy-security thesis.,Corporate Office / Business Development,Official corporate route,Tharushi / Capital Advisory Team,15,7,0,6,13,4,45,Not Suitable Prospect,Medium,Identified,Indicative scored – review required,,"Screening-stage intelligence from TBP Nigeria country intelligence report; estimated capacity ($5M–$100M+) and confidence rating (not stated) are indicative screening signals, not audited AUM. Sector Alignment / Strategic Adjacency computed via calibrated SBERT cosine similarity (all-MiniLM-L6-v2); other categories are rule-based screening estimates pending analyst review. | Risk level: Enhanced diligence | Source type: TBP internal intelligence report (public-source verified)",,,,,,TBP_Nigeria_Private_Capital_Intelligence_Tier_0_to_3_Investment_Contacts.docx,
Africa,Nigeria,,Orange Drugs,Specialist Investment Vehicle / Emerging Capital Channel,Nigeria,Nigeria,Tony Ezenna,"Pharmaceuticals, manufacturing",West Africa trade and energy gateway; Lagos/Abuja capital hub; relevant to TBP's West Africa corridor and energy-security thesis.,Chairman's Office / Corporate Affairs,Official corporate route,Tharushi / Capital Advisory Team,13,7,20,10,14,4,68,Strong Potential Prospect,Medium,Identified,Indicative scored – review required,orangedrugs.com,"Screening-stage intelligence from TBP Nigeria country intelligence report; estimated capacity ($5M–$100M+) and confidence rating (not stated) are indicative screening signals, not audited AUM. Sector Alignment / Strategic Adjacency computed via calibrated SBERT cosine similarity (all-MiniLM-L6-v2); other categories are rule-based screening estimates pending analyst review. | Risk level: Enhanced diligence | Source type: TBP internal intelligence report (public-source verified)",,,,,,TBP_Nigeria_Private_Capital_Intelligence_Tier_0_to_3_Investment_Contacts.docx,
Africa,Nigeria,,Juhel Nigeria,Specialist Investment Vehicle / Emerging Capital Channel,Nigeria,Enugu/Nigeria,Sam Onyishi family interests,Pharmaceuticals,West Africa trade and energy gateway; Lagos/Abuja capital hub; relevant to TBP's West Africa corridor and energy-security thesis.,Corporate Office / Business Development,Official corporate route,Tharushi / Capital Advisory Team,15,7,19,6,15,4,66,Strong Potential Prospect,Medium,Identified,Indicative scored – review required,juhel.com,"Screening-stage intelligence from TBP Nigeria country intelligence report; estimated capacity ($5M–$100M+) and confidence rating (not stated) are indicative screening signals, not audited AUM. Sector Alignment / Strategic Adjacency computed via calibrated SBERT cosine similarity (all-MiniLM-L6-v2); other categories are rule-based screening estimates pending analyst review. | Risk level: Enhanced diligence | Source type: TBP internal intelligence report (public-source verified)",,,,,,TBP_Nigeria_Private_Capital_Intelligence_Tier_0_to_3_Investment_Contacts.docx,
Africa,Nigeria,,Peace Mass Transit,Specialist Investment Vehicle / Emerging Capital Channel,Nigeria,"Enugu, Nigeria",Sam Maduka Onyishi,"Transportation, logistics",West Africa trade and energy gateway; Lagos/Abuja capital hub; relevant to TBP's West Africa corridor and energy-security thesis.,Chairman's Office / Business Development,Official corporate route,Tharushi / Capital Advisory Team,13,7,20,10,15,4,69,Strong Potential Prospect,Medium,Identified,Indicative scored – review required,,"Screening-stage intelligence from TBP Nigeria country intelligence report; estimated capacity ($5M–$100M+) and confidence rating (not stated) are indicative screening signals, not audited AUM. Sector Alignment / Strategic Adjacency computed via calibrated SBERT cosine similarity (all-MiniLM-L6-v2); other categories are rule-based screening estimates pending analyst review. | Risk level: Enhanced diligence | Source type: TBP internal intelligence report (public-source verified)",,,,,,TBP_Nigeria_Private_Capital_Intelligence_Tier_0_to_3_Investment_Contacts.docx,
Africa,Nigeria,,Ekulo Group,Specialist Investment Vehicle / Emerging Capital Channel,Nigeria,Nigeria,Emma Bishop Okonkwo,"Trading, distribution",West Africa trade and energy gateway; Lagos/Abuja capital hub; relevant to TBP's West Africa corridor and energy-security thesis.,Chairman's Office / Corporate Affairs,Official corporate route,Tharushi / Capital Advisory Team,13,7,20,10,15,4,69,Strong Potential Prospect,Medium,Identified,Indicative scored – review required,,"Screening-stage intelligence from TBP Nigeria country intelligence report; estimated capacity ($5M–$100M+) and confidence rating (not stated) are indicative screening signals, not audited AUM. Sector Alignment / Strategic Adjacency computed via calibrated SBERT cosine similarity (all-MiniLM-L6-v2); other categories are rule-based screening estimates pending analyst review. | Risk level: Enhanced diligence | Source type: TBP internal intelligence report (public-source verified)",,,,,,TBP_Nigeria_Private_Capital_Intelligence_Tier_0_to_3_Investment_Contacts.docx,
Africa,Nigeria,Lagos,Cosgrove Investment / Development,Specialist Investment Vehicle / Emerging Capital Channel,Lagos,Lagos,Uzo Oshogwe,"Real estate, smart cities",West Africa trade and energy gateway; Lagos/Abuja capital hub; relevant to TBP's West Africa corridor and energy-security thesis.,Business Development / Investments,Official corporate route,Tharushi / Capital Advisory Team,13,7,20,6,8,4,58,Monitor / Secondary Prospect,Medium,Identified,Indicative scored – review required,cosgrove.com.ng,"Screening-stage intelligence from TBP Nigeria country intelligence report; estimated capacity ($5M–$100M+) and confidence rating (not stated) are indicative screening signals, not audited AUM. Sector Alignment / Strategic Adjacency computed via calibrated SBERT cosine similarity (all-MiniLM-L6-v2); other categories are rule-based screening estimates pending analyst review. | Risk level: Enhanced diligence | Source type: TBP internal intelligence report (public-source verified)",,,,,,TBP_Nigeria_Private_Capital_Intelligence_Tier_0_to_3_Investment_Contacts.docx,
Africa,South Africa,,Oppenheimer Generations,Strategic Anchor Family Capital,South Africa,South Africa / global,Nicky & Jonathan Oppenheimer,"African infrastructure, industrials, PE, long-term capital",Southern Africa capital and logistics gateway; Johannesburg/Cape Town financial hub; relevant to TBP's Southern Africa corridor and continental trade/energy thesis.,Investment Office / Generations team,Official corporate route,Tharushi / Capital Advisory Team,16,19,20,7,11,9,82,Priority Founding Steward Prospect,Priority,Identified,Indicative scored – review required,opp-gen.com/,"Screening-stage intelligence from TBP South Africa country intelligence report; estimated capacity (US$1B+) and confidence rating (Very High) are indicative screening signals, not audited AUM. Sector Alignment / Strategic Adjacency computed via calibrated SBERT cosine similarity (all-MiniLM-L6-v2); other categories are rule-based screening estimates pending analyst review. | Risk level: Enhanced diligence | Source type: TBP internal intelligence report (public-source verified)",,,,,,TBP_South_Africa_Private_Capital_Family_Office_Intelligence_Report_Tier_0_to_3.docx,
Africa,South Africa,,Mary Oppenheimer Daughters (MODO),Strategic Anchor Family Capital,South Africa,South Africa / global,Mary Oppenheimer family,"African PE, private markets, alternatives",Southern Africa capital and logistics gateway; Johannesburg/Cape Town financial hub; relevant to TBP's Southern Africa corridor and continental trade/energy thesis.,Emma Callister — CEO / investment office,Official MODO contact route,Tharushi / Capital Advisory Team,18,19,0,11,0,7,55,Monitor / Secondary Prospect,Priority,Identified,Indicative scored – review required,oppenheimer-daughters.com/,"Screening-stage intelligence from TBP South Africa country intelligence report; estimated capacity (US$500M+) and confidence rating (High) are indicative screening signals, not audited AUM. Sector Alignment / Strategic Adjacency computed via calibrated SBERT cosine similarity (all-MiniLM-L6-v2); other categories are rule-based screening estimates pending analyst review. | Risk level: Enhanced diligence | Source type: TBP internal intelligence report (public-source verified)",,,,,,TBP_South_Africa_Private_Capital_Family_Office_Intelligence_Report_Tier_0_to_3.docx,
Africa,South Africa,Cape Town,Remgro,Strategic Anchor Family Capital,Cape Town,Stellenbosch / Cape Town,Johann Rupert / Rupert family,"Infrastructure, healthcare, consumer, financial services",Southern Africa capital and logistics gateway; Johannesburg/Cape Town financial hub; relevant to TBP's Southern Africa corridor and continental trade/energy thesis.,Investor Relations / Corporate Development,Official corporate route / info@remgro.com | +27 21 888 3000,Tharushi / Capital Advisory Team,18,19,0,13,7,10,67,Strong Potential Prospect,Priority,Identified,Indicative scored – review required,www.remgro.com/,"Screening-stage intelligence from TBP South Africa country intelligence report; estimated capacity (US$1B+) and confidence rating (Very High) are indicative screening signals, not audited AUM. Sector Alignment / Strategic Adjacency computed via calibrated SBERT cosine similarity (all-MiniLM-L6-v2); other categories are rule-based screening estimates pending analyst review. | Risk level: Enhanced diligence | Source type: TBP internal intelligence report (public-source verified)",info@remgro.com,Official/public email - verify before outreach,www.remgro.com/,Use official group route; verify current contact before outreach.,8/24/2026,TBP_South_Africa_Private_Capital_Family_Office_Intelligence_Report_Tier_0_to_3.docx,
Africa,South Africa,Johannesburg,Steyn Family Office / Steyn Group,Strategic Anchor Family Capital,Johannesburg,Johannesburg / London,Douw Steyn family,"Property, technology, PE, global investments",Southern Africa capital and logistics gateway; Johannesburg/Cape Town financial hub; relevant to TBP's Southern Africa corridor and continental trade/energy thesis.,Family Office / Group Investment Office,Official corporate route,Tharushi / Capital Advisory Team,19,19,6,8,3,7,62,Monitor / Secondary Prospect,Priority,Identified,Indicative scored – review required,steyngroup.com/,"Screening-stage intelligence from TBP South Africa country intelligence report; estimated capacity (US$500M+) and confidence rating (High) are indicative screening signals, not audited AUM. Sector Alignment / Strategic Adjacency computed via calibrated SBERT cosine similarity (all-MiniLM-L6-v2); other categories are rule-based screening estimates pending analyst review. | Risk level: Enhanced diligence | Source type: TBP internal intelligence report (public-source verified)",,,,,,TBP_South_Africa_Private_Capital_Family_Office_Intelligence_Report_Tier_0_to_3.docx,
Africa,South Africa,,E. Oppenheimer & Son,Strategic Anchor Family Capital,South Africa,South Africa / global,Oppenheimer family,"Private investment, legacy capital, African opportunities",Southern Africa capital and logistics gateway; Johannesburg/Cape Town financial hub; relevant to TBP's Southern Africa corridor and continental trade/energy thesis.,Family Investment Office / Principal's Office,Official family-office route,Tharushi / Capital Advisory Team,18,19,7,8,3,7,62,Monitor / Secondary Prospect,Priority,Identified,Indicative scored – review required,www.oppenheimer.co.za/,"Screening-stage intelligence from TBP South Africa country intelligence report; estimated capacity (US$500M+) and confidence rating (High) are indicative screening signals, not audited AUM. Sector Alignment / Strategic Adjacency computed via calibrated SBERT cosine similarity (all-MiniLM-L6-v2); other categories are rule-based screening estimates pending analyst review. | Risk level: Enhanced diligence | Source type: TBP internal intelligence report (public-source verified)",,,,,,TBP_South_Africa_Private_Capital_Family_Office_Intelligence_Report_Tier_0_to_3.docx,
Africa,South Africa,,Reinet Investments,Strategic Anchor Family Capital,South Africa,South Africa-linked / global,Rupert family,"Global PE, listed assets, alternatives",Southern Africa capital and logistics gateway; Johannesburg/Cape Town financial hub; relevant to TBP's Southern Africa corridor and continental trade/energy thesis.,Investor Relations / Investment Team,Official corporate investor route,Tharushi / Capital Advisory Team,18,19,20,13,15,9,94,Priority Founding Steward Prospect,Priority,Identified,Indicative scored – review required,www.reinet.com/,"Screening-stage intelligence from TBP South Africa country intelligence report; estimated capacity (US$1B+) and confidence rating (Very High) are indicative screening signals, not audited AUM. Sector Alignment / Strategic Adjacency computed via calibrated SBERT cosine similarity (all-MiniLM-L6-v2); other categories are rule-based screening estimates pending analyst review. | Risk level: Enhanced diligence | Source type: TBP internal intelligence report (public-source verified)",,,,,,TBP_South_Africa_Private_Capital_Family_Office_Intelligence_Report_Tier_0_to_3.docx,
Africa,South Africa,Johannesburg,Eric Ellerine Trust Family Office,Major Family Office / Founder-Led Conglomerate,Johannesburg,"Houghton, Johannesburg",Eric Ellerine family,"Listed equities, PE, property",Southern Africa capital and logistics gateway; Johannesburg/Cape Town financial hub; relevant to TBP's Southern Africa corridor and continental trade/energy thesis.,Family Office / Investment Committee,Official family-office route,Tharushi / Capital Advisory Team,18,8,0,13,0,7,46,Not Suitable Prospect,High,Identified,Indicative scored – review required,za.linkedin.com/company/eric-ellerine-trust,"Screening-stage intelligence from TBP South Africa country intelligence report; estimated capacity (US$250–500M) and confidence rating (High) are indicative screening signals, not audited AUM. Sector Alignment / Strategic Adjacency computed via calibrated SBERT cosine similarity (all-MiniLM-L6-v2); other categories are rule-based screening estimates pending analyst review. | Risk level: Enhanced diligence | Source type: TBP internal intelligence report (public-source verified)",,,,,,TBP_South_Africa_Private_Capital_Family_Office_Intelligence_Report_Tier_0_to_3.docx,
Africa,South Africa,,Ackerman Family Investment Interests,Major Family Office / Founder-Led Conglomerate,South Africa,South Africa,Ackerman family,"Retail, property, consumer, private capital",Southern Africa capital and logistics gateway; Johannesburg/Cape Town financial hub; relevant to TBP's Southern Africa corridor and continental trade/energy thesis.,Family Investment Office / Corporate Development,Pick n Pay / family route,Tharushi / Capital Advisory Team,17,17,14,8,1,5,62,Monitor / Secondary Prospect,High,Identified,Indicative scored – review required,www.pnp.co.za/,"Screening-stage intelligence from TBP South Africa country intelligence report; estimated capacity (US$250M+) and confidence rating (Medium) are indicative screening signals, not audited AUM. Sector Alignment / Strategic Adjacency computed via calibrated SBERT cosine similarity (all-MiniLM-L6-v2); other categories are rule-based screening estimates pending analyst review. | Risk level: Enhanced diligence | Source type: TBP internal intelligence report (public-source verified)",,,,,,TBP_South_Africa_Private_Capital_Family_Office_Intelligence_Report_Tier_0_to_3.docx,
Africa,South Africa,Johannesburg,African Rainbow Capital,Major Family Office / Founder-Led Conglomerate,Johannesburg,Johannesburg,Patrice Motsepe family / ARC,"Financial services, technology, infrastructure",Southern Africa capital and logistics gateway; Johannesburg/Cape Town financial hub; relevant to TBP's Southern Africa corridor and continental trade/energy thesis.,Investor Relations / Corporate Development,Official investor-relations route,Tharushi / Capital Advisory Team,17,19,0,13,0,9,58,Monitor / Secondary Prospect,High,Identified,Indicative scored – review required,www.africanrainbowcapital.co.za/,"Screening-stage intelligence from TBP South Africa country intelligence report; estimated capacity (US$500M+) and confidence rating (Very High) are indicative screening signals, not audited AUM. Sector Alignment / Strategic Adjacency computed via calibrated SBERT cosine similarity (all-MiniLM-L6-v2); other categories are rule-based screening estimates pending analyst review. | Risk level: Enhanced diligence | Source type: TBP internal intelligence report (public-source verified)",,,,,,TBP_South_Africa_Private_Capital_Family_Office_Intelligence_Report_Tier_0_to_3.docx,
Africa,South Africa,Cape Town,Mouton Family / PSG Interests,Major Family Office / Founder-Led Conglomerate,Cape Town,Stellenbosch / Cape Town,Jannie Mouton family,"Financial services, education, investments",Southern Africa capital and logistics gateway; Johannesburg/Cape Town financial hub; relevant to TBP's Southern Africa corridor and continental trade/energy thesis.,Family Investment Office / Corporate Development,PSG corporate route,Tharushi / Capital Advisory Team,17,17,1,8,0,7,50,Monitor / Secondary Prospect,High,Identified,Indicative scored – review required,www.psg.co.za/,"Screening-stage intelligence from TBP South Africa country intelligence report; estimated capacity (US$250M+) and confidence rating (High) are indicative screening signals, not audited AUM. Sector Alignment / Strategic Adjacency computed via calibrated SBERT cosine similarity (all-MiniLM-L6-v2); other categories are rule-based screening estimates pending analyst review. | Risk level: Enhanced diligence | Source type: TBP internal intelligence report (public-source verified)",,,,,,TBP_South_Africa_Private_Capital_Family_Office_Intelligence_Report_Tier_0_to_3.docx,
Africa,South Africa,,Wiese Family / Titan Interests,Major Family Office / Founder-Led Conglomerate,South Africa,South Africa,Christo Wiese family,"Retail, property, private equity",Southern Africa capital and logistics gateway; Johannesburg/Cape Town financial hub; relevant to TBP's Southern Africa corridor and continental trade/energy thesis.,Family Investment Office / Titan,Official corporate route,Tharushi / Capital Advisory Team,17,17,0,8,1,7,50,Monitor / Secondary Prospect,High,Identified,Indicative scored – review required,www.titan.co.za/,"Screening-stage intelligence from TBP South Africa country intelligence report; estimated capacity (US$250M+) and confidence rating (High) are indicative screening signals, not audited AUM. Sector Alignment / Strategic Adjacency computed via calibrated SBERT cosine similarity (all-MiniLM-L6-v2); other categories are rule-based screening estimates pending analyst review. | Risk level: Enhanced diligence | Source type: TBP internal intelligence report (public-source verified)",,,,,,TBP_South_Africa_Private_Capital_Family_Office_Intelligence_Report_Tier_0_to_3.docx,
Africa,South Africa,Cape Town,Allan Gray Family Interests,Major Family Office / Founder-Led Conglomerate,Cape Town,Cape Town,Allan Gray family,"Asset management, private investments",Southern Africa capital and logistics gateway; Johannesburg/Cape Town financial hub; relevant to TBP's Southern Africa corridor and continental trade/energy thesis.,Family Investment Office / leadership,Official corporate route,Tharushi / Capital Advisory Team,17,17,6,8,0,5,53,Monitor / Secondary Prospect,High,Identified,Indicative scored – review required,www.allangray.co.za/,"Screening-stage intelligence from TBP South Africa country intelligence report; estimated capacity (US$250M+) and confidence rating (Medium) are indicative screening signals, not audited AUM. Sector Alignment / Strategic Adjacency computed via calibrated SBERT cosine similarity (all-MiniLM-L6-v2); other categories are rule-based screening estimates pending analyst review. | Risk level: Enhanced diligence | Source type: TBP internal intelligence report (public-source verified)",,,,,,TBP_South_Africa_Private_Capital_Family_Office_Intelligence_Report_Tier_0_to_3.docx,
Africa,South Africa,,Jarvie Group,Major Family Office / Founder-Led Conglomerate,South Africa,South Africa,Jarvie family,"Private equity, agribusiness, property",Southern Africa capital and logistics gateway; Johannesburg/Cape Town financial hub; relevant to TBP's Southern Africa corridor and continental trade/energy thesis.,Investment / Family Office,Official corporate route / andrew@jarviegroup.com | +27 86 122 7776,Tharushi / Capital Advisory Team,17,8,0,8,1,8,42,Not Suitable Prospect,High,Identified,Indicative scored – review required,jarviegroup.com/,"Screening-stage intelligence from TBP South Africa country intelligence report; estimated capacity (US$100–500M) and confidence rating (High) are indicative screening signals, not audited AUM. Sector Alignment / Strategic Adjacency computed via calibrated SBERT cosine similarity (all-MiniLM-L6-v2); other categories are rule-based screening estimates pending analyst review. | Risk level: Enhanced diligence | Source type: TBP internal intelligence report (public-source verified)",andrew@jarviegroup.com,Official/public email - verify before outreach,jarviegroup.com/,Use official group route; verify current contact before outreach.,8/24/2026,TBP_South_Africa_Private_Capital_Family_Office_Intelligence_Report_Tier_0_to_3.docx,
Africa,South Africa,,Othongathi Investments,Major Family Office / Founder-Led Conglomerate,South Africa,South Africa,Buthelezi family / management,"Impact, African businesses, real assets",Southern Africa capital and logistics gateway; Johannesburg/Cape Town financial hub; relevant to TBP's Southern Africa corridor and continental trade/energy thesis.,Investment Team / Family Office,Official corporate route,Tharushi / Capital Advisory Team,17,8,2,8,2,5,42,Not Suitable Prospect,High,Identified,Indicative scored – review required,tginvest.co.za/,"Screening-stage intelligence from TBP South Africa country intelligence report; estimated capacity (US$50–250M) and confidence rating (Medium) are indicative screening signals, not audited AUM. Sector Alignment / Strategic Adjacency computed via calibrated SBERT cosine similarity (all-MiniLM-L6-v2); other categories are rule-based screening estimates pending analyst review. | Risk level: Enhanced diligence | Source type: TBP internal intelligence report (public-source verified)",,,,,,TBP_South_Africa_Private_Capital_Family_Office_Intelligence_Report_Tier_0_to_3.docx,
Africa,South Africa,,Buthelezi Family Office,Major Family Office / Founder-Led Conglomerate,South Africa,Klerksdorp,Vusimuzi Clive Buthelezi family,"Mining logistics, gold, property, hospitality",Southern Africa capital and logistics gateway; Johannesburg/Cape Town financial hub; relevant to TBP's Southern Africa corridor and continental trade/energy thesis.,Family Office / Principal's Office,Official family-office route,Tharushi / Capital Advisory Team,18,8,0,8,0,7,41,Not Suitable Prospect,High,Identified,Indicative scored – review required,buthelezifamilyoffice.com/,"Screening-stage intelligence from TBP South Africa country intelligence report; estimated capacity (US$50–250M) and confidence rating (High) are indicative screening signals, not audited AUM. Sector Alignment / Strategic Adjacency computed via calibrated SBERT cosine similarity (all-MiniLM-L6-v2); other categories are rule-based screening estimates pending analyst review. | Risk level: Enhanced diligence | Source type: TBP internal intelligence report (public-source verified)",,,,,,TBP_South_Africa_Private_Capital_Family_Office_Intelligence_Report_Tier_0_to_3.docx,
Africa,South Africa,,Capricorn Group,Major Family Office / Founder-Led Conglomerate,South Africa,South Africa / international,Family investment interests / management,"Proprietary investments, financial services, technology",Southern Africa capital and logistics gateway; Johannesburg/Cape Town financial hub; relevant to TBP's Southern Africa corridor and continental trade/energy thesis.,Investment Management / Family Office,Official corporate route,Tharushi / Capital Advisory Team,17,8,5,8,4,7,49,Not Suitable Prospect,High,Identified,Indicative scored – review required,capricornfundmanagers.com/,"Screening-stage intelligence from TBP South Africa country intelligence report; estimated capacity (US$100–500M+) and confidence rating (High) are indicative screening signals, not audited AUM. Sector Alignment / Strategic Adjacency computed via calibrated SBERT cosine similarity (all-MiniLM-L6-v2); other categories are rule-based screening estimates pending analyst review. | Risk level: Enhanced diligence | Source type: TBP internal intelligence report (public-source verified)",,,,,,TBP_South_Africa_Private_Capital_Family_Office_Intelligence_Report_Tier_0_to_3.docx,
Africa,South Africa,,VenFin,Major Family Office / Founder-Led Conglomerate,South Africa,South Africa,Rupert family interests,"Technology, financial services, PE",Southern Africa capital and logistics gateway; Johannesburg/Cape Town financial hub; relevant to TBP's Southern Africa corridor and continental trade/energy thesis.,Investment Team / Family Office,Official corporate route,Tharushi / Capital Advisory Team,17,17,9,8,8,7,66,Strong Potential Prospect,High,Identified,Indicative scored – review required,www.venfin.com/,"Screening-stage intelligence from TBP South Africa country intelligence report; estimated capacity (US$250M+) and confidence rating (High) are indicative screening signals, not audited AUM. Sector Alignment / Strategic Adjacency computed via calibrated SBERT cosine similarity (all-MiniLM-L6-v2); other categories are rule-based screening estimates pending analyst review. | Risk level: Enhanced diligence | Source type: TBP internal intelligence report (public-source verified)",,,,,,TBP_South_Africa_Private_Capital_Family_Office_Intelligence_Report_Tier_0_to_3.docx,
Africa,South Africa,Johannesburg,Stonehage Fleming,Established MFO / Investment Platform / Capital Gateway,Johannesburg,Cape Town / Johannesburg / Stellenbosch,South Africa leadership / global MFO,"UHNW families, PE, alternatives",Southern Africa capital and logistics gateway; Johannesburg/Cape Town financial hub; relevant to TBP's Southern Africa corridor and continental trade/energy thesis.,"Reyneke Van Wyk — Partner, Head of South Africa & Investment Management SA",+27 21 301 0800 / +27 11 544 2900,Tharushi / Capital Advisory Team,14,19,15,6,15,9,78,Strong Potential Prospect,Medium-High,Identified,Indicative scored – review required,www.stonehagefleming.com/investments/offices/region/africa,"Screening-stage intelligence from TBP South Africa country intelligence report; estimated capacity (US$1B+ client capital) and confidence rating (Very High) are indicative screening signals, not audited AUM. Sector Alignment / Strategic Adjacency computed via calibrated SBERT cosine similarity (all-MiniLM-L6-v2); other categories are rule-based screening estimates pending analyst review. | Risk level: Enhanced diligence | Source type: TBP internal intelligence report (public-source verified)",,,,,,TBP_South_Africa_Private_Capital_Family_Office_Intelligence_Report_Tier_0_to_3.docx,
Africa,South Africa,,Cantilever Family,Established MFO / Investment Platform / Capital Gateway,South Africa,South Africa,Johan van Wyk / Carmen de Chalain,"Global family wealth, private markets",Southern Africa capital and logistics gateway; Johannesburg/Cape Town financial hub; relevant to TBP's Southern Africa corridor and continental trade/energy thesis.,Family Office / Investment Team,Official corporate route / info@cantilever-family.com | +27 10 110 0669,Tharushi / Capital Advisory Team,16,14,0,7,6,10,53,Monitor / Secondary Prospect,Medium-High,Identified,Indicative scored – review required,cantilever-family.com/,"Screening-stage intelligence from TBP South Africa country intelligence report; estimated capacity (US$100M+ represented) and confidence rating (Very High) are indicative screening signals, not audited AUM. Sector Alignment / Strategic Adjacency computed via calibrated SBERT cosine similarity (all-MiniLM-L6-v2); other categories are rule-based screening estimates pending analyst review. | Risk level: Enhanced diligence | Source type: TBP internal intelligence report (public-source verified)",info@cantilever-family.com,Official/public email - verify before outreach,cantilever-family.com/,Use official group route; verify current contact before outreach.,8/24/2026,TBP_South_Africa_Private_Capital_Family_Office_Intelligence_Report_Tier_0_to_3.docx,
Africa,South Africa,Cape Town,Private Client Holdings,Established MFO / Investment Platform / Capital Gateway,Cape Town,Cape Town,Andrew Ratcliffe / management,"Wealth management, investments, family office",Southern Africa capital and logistics gateway; Johannesburg/Cape Town financial hub; relevant to TBP's Southern Africa corridor and continental trade/energy thesis.,Andrew Ratcliffe — Family Office,Official corporate route / andrew@privateclient.co.za | +27 21 671 1220,Tharushi / Capital Advisory Team,14,14,14,7,15,10,74,Strong Potential Prospect,Medium-High,Identified,Indicative scored – review required,www.privateclient.co.za/,"Screening-stage intelligence from TBP South Africa country intelligence report; estimated capacity (US$100M+ represented) and confidence rating (Very High) are indicative screening signals, not audited AUM. Sector Alignment / Strategic Adjacency computed via calibrated SBERT cosine similarity (all-MiniLM-L6-v2); other categories are rule-based screening estimates pending analyst review. | Risk level: Enhanced diligence | Source type: TBP internal intelligence report (public-source verified)",andrew@privateclient.co.za,Official/public email - verify before outreach,www.privateclient.co.za/,Use official group route; verify current contact before outreach.,8/24/2026,TBP_South_Africa_Private_Capital_Family_Office_Intelligence_Report_Tier_0_to_3.docx,
Africa,South Africa,Stellenbosch,Schmidt Family Office,Established MFO / Investment Platform / Capital Gateway,Stellenbosch,Stellenbosch / international,Schmidt family,"Family governance, investments, legacy wealth",Southern Africa capital and logistics gateway; Johannesburg/Cape Town financial hub; relevant to TBP's Southern Africa corridor and continental trade/energy thesis.,Family Office / Investment Committee,Official family-office route,Tharushi / Capital Advisory Team,17,14,0,12,6,5,54,Monitor / Secondary Prospect,Medium-High,Identified,Indicative scored – review required,www.schmidtfamilyoffice.com/,"Screening-stage intelligence from TBP South Africa country intelligence report; estimated capacity (US$100M+) and confidence rating (Medium) are indicative screening signals, not audited AUM. Sector Alignment / Strategic Adjacency computed via calibrated SBERT cosine similarity (all-MiniLM-L6-v2); other categories are rule-based screening estimates pending analyst review. | Risk level: Enhanced diligence | Source type: TBP internal intelligence report (public-source verified)",,,,,,TBP_South_Africa_Private_Capital_Family_Office_Intelligence_Report_Tier_0_to_3.docx,
Africa,South Africa,Johannesburg,Genera Capital,Established MFO / Investment Platform / Capital Gateway,Johannesburg,Johannesburg,Raymond Goss / investment team,"Multi-family wealth, private/listed markets",Southern Africa capital and logistics gateway; Johannesburg/Cape Town financial hub; relevant to TBP's Southern Africa corridor and continental trade/energy thesis.,Investment Team / Family Office,Official corporate route / contact@generacapital.global | +27 11 666 0733,Tharushi / Capital Advisory Team,14,14,20,7,15,10,80,Priority Founding Steward Prospect,Medium-High,Identified,Indicative scored – review required,www.genera.global/,"Screening-stage intelligence from TBP South Africa country intelligence report; estimated capacity (US$100M+) and confidence rating (Very High) are indicative screening signals, not audited AUM. Sector Alignment / Strategic Adjacency computed via calibrated SBERT cosine similarity (all-MiniLM-L6-v2); other categories are rule-based screening estimates pending analyst review. | Risk level: Enhanced diligence | Source type: TBP internal intelligence report (public-source verified)",contact@generacapital.global,Official/public email - verify before outreach,www.genera.global/,Use official group route; verify current contact before outreach.,8/24/2026,TBP_South_Africa_Private_Capital_Family_Office_Intelligence_Report_Tier_0_to_3.docx,
Africa,South Africa,,Bay Capital Family Office,Established MFO / Investment Platform / Capital Gateway,South Africa,South Africa,Adam Fine / Matthew Murray,"MFO, global investments, alternatives",Southern Africa capital and logistics gateway; Johannesburg/Cape Town financial hub; relevant to TBP's Southern Africa corridor and continental trade/energy thesis.,Investment contact route,Official corporate route / invest@baycapital.co.za | +27 73 394 7380,Tharushi / Capital Advisory Team,17,8,17,6,15,10,73,Strong Potential Prospect,Medium-High,Identified,Indicative scored – review required,baycapital.co.za/,"Screening-stage intelligence from TBP South Africa country intelligence report; estimated capacity (US$50–250M represented) and confidence rating (Very High) are indicative screening signals, not audited AUM. Sector Alignment / Strategic Adjacency computed via calibrated SBERT cosine similarity (all-MiniLM-L6-v2); other categories are rule-based screening estimates pending analyst review. | Risk level: Enhanced diligence | Source type: TBP internal intelligence report (public-source verified)",invest@baycapital.co.za,Official/public email - verify before outreach,baycapital.co.za/,Use official group route; verify current contact before outreach.,8/24/2026,TBP_South_Africa_Private_Capital_Family_Office_Intelligence_Report_Tier_0_to_3.docx,
Africa,South Africa,,Mosaic Financial Solutions,Established MFO / Investment Platform / Capital Gateway,South Africa,South Africa,Management team,"Family office, fiduciary, structuring",Southern Africa capital and logistics gateway; Johannesburg/Cape Town financial hub; relevant to TBP's Southern Africa corridor and continental trade/energy thesis.,Family Office / Advisory Team,Official corporate route,Tharushi / Capital Advisory Team,14,8,9,7,15,7,60,Monitor / Secondary Prospect,Medium-High,Identified,Indicative scored – review required,mosaic.co.za/,"Screening-stage intelligence from TBP South Africa country intelligence report; estimated capacity (US$50–250M represented) and confidence rating (High) are indicative screening signals, not audited AUM. Sector Alignment / Strategic Adjacency computed via calibrated SBERT cosine similarity (all-MiniLM-L6-v2); other categories are rule-based screening estimates pending analyst review. | Risk level: Enhanced diligence | Source type: TBP internal intelligence report (public-source verified)",,,,,,TBP_South_Africa_Private_Capital_Family_Office_Intelligence_Report_Tier_0_to_3.docx,
Africa,South Africa,Cape Town,RealFin / RealCap,Established MFO / Investment Platform / Capital Gateway,Cape Town,Cape Town,Steve Doidge / investment team,"Global multi-asset, specialist investments",Southern Africa capital and logistics gateway; Johannesburg/Cape Town financial hub; relevant to TBP's Southern Africa corridor and continental trade/energy thesis.,Investment Team / Private Client,Official corporate route,Tharushi / Capital Advisory Team,14,14,18,6,15,7,74,Strong Potential Prospect,Medium-High,Identified,Indicative scored – review required,www.realcap.co.za/,"Screening-stage intelligence from TBP South Africa country intelligence report; estimated capacity (US$100M+) and confidence rating (High) are indicative screening signals, not audited AUM. Sector Alignment / Strategic Adjacency computed via calibrated SBERT cosine similarity (all-MiniLM-L6-v2); other categories are rule-based screening estimates pending analyst review. | Risk level: Enhanced diligence | Source type: TBP internal intelligence report (public-source verified)",,,,,,TBP_South_Africa_Private_Capital_Family_Office_Intelligence_Report_Tier_0_to_3.docx,
Africa,South Africa,Cape Town,Finway International Family Office,Established MFO / Investment Platform / Capital Gateway,Cape Town,Cape Town,Management,"Private banking, offshore investment",Southern Africa capital and logistics gateway; Johannesburg/Cape Town financial hub; relevant to TBP's Southern Africa corridor and continental trade/energy thesis.,Family Office / Advisory Team,Official corporate route / info@finway.co.za | +27 21 424 2091,Tharushi / Capital Advisory Team,17,8,19,7,15,8,74,Strong Potential Prospect,Medium-High,Identified,Indicative scored – review required,finway.co.za/family-office/,"Screening-stage intelligence from TBP South Africa country intelligence report; estimated capacity (US$50–250M represented) and confidence rating (High) are indicative screening signals, not audited AUM. Sector Alignment / Strategic Adjacency computed via calibrated SBERT cosine similarity (all-MiniLM-L6-v2); other categories are rule-based screening estimates pending analyst review. | Risk level: Enhanced diligence | Source type: TBP internal intelligence report (public-source verified)",info@finway.co.za,Official/public email - verify before outreach,finway.co.za/family-office/,Use official group route; verify current contact before outreach.,8/24/2026,TBP_South_Africa_Private_Capital_Family_Office_Intelligence_Report_Tier_0_to_3.docx,
Africa,South Africa,Johannesburg,Caleo Capital,Established MFO / Investment Platform / Capital Gateway,Johannesburg,"Houghton, Johannesburg",Investment team,"Wealth structuring, investments",Southern Africa capital and logistics gateway; Johannesburg/Cape Town financial hub; relevant to TBP's Southern Africa corridor and continental trade/energy thesis.,Investment / Advisory Team,Official corporate route,Tharushi / Capital Advisory Team,14,8,17,6,13,7,65,Strong Potential Prospect,Medium-High,Identified,Indicative scored – review required,www.caleocapital.com/contact,"Screening-stage intelligence from TBP South Africa country intelligence report; estimated capacity (US$50–250M) and confidence rating (High) are indicative screening signals, not audited AUM. Sector Alignment / Strategic Adjacency computed via calibrated SBERT cosine similarity (all-MiniLM-L6-v2); other categories are rule-based screening estimates pending analyst review. | Risk level: Enhanced diligence | Source type: TBP internal intelligence report (public-source verified)",,,,,,TBP_South_Africa_Private_Capital_Family_Office_Intelligence_Report_Tier_0_to_3.docx,
Africa,South Africa,,CreO Wealth,Established MFO / Investment Platform / Capital Gateway,South Africa,South Africa,Management,"Structured wealth, family planning",Southern Africa capital and logistics gateway; Johannesburg/Cape Town financial hub; relevant to TBP's Southern Africa corridor and continental trade/energy thesis.,Investment / Wealth Advisory Team,Official corporate route / connect@creowealth.co.za | +27 72 528 4198,Tharushi / Capital Advisory Team,14,8,14,6,10,8,60,Monitor / Secondary Prospect,Medium-High,Identified,Indicative scored – review required,creowealth.co.za/contact/,"Screening-stage intelligence from TBP South Africa country intelligence report; estimated capacity (US$25–100M represented) and confidence rating (High) are indicative screening signals, not audited AUM. Sector Alignment / Strategic Adjacency computed via calibrated SBERT cosine similarity (all-MiniLM-L6-v2); other categories are rule-based screening estimates pending analyst review. | Risk level: Enhanced diligence | Source type: TBP internal intelligence report (public-source verified)",connect@creowealth.co.za,Official/public email - verify before outreach,creowealth.co.za/contact/,Use official group route; verify current contact before outreach.,8/24/2026,TBP_South_Africa_Private_Capital_Family_Office_Intelligence_Report_Tier_0_to_3.docx,
Africa,South Africa,Cape Town,Confiance Wealth & Advisory,Established MFO / Investment Platform / Capital Gateway,Cape Town,Cape Town,Management,"Investment advisory, family governance",Southern Africa capital and logistics gateway; Johannesburg/Cape Town financial hub; relevant to TBP's Southern Africa corridor and continental trade/energy thesis.,Investment Advisory Team,+27 66 271 3577,Tharushi / Capital Advisory Team,14,8,16,6,11,5,60,Monitor / Secondary Prospect,Medium-High,Identified,Indicative scored – review required,confiancewealth.com/,"Screening-stage intelligence from TBP South Africa country intelligence report; estimated capacity (US$25–100M represented) and confidence rating (Medium) are indicative screening signals, not audited AUM. Sector Alignment / Strategic Adjacency computed via calibrated SBERT cosine similarity (all-MiniLM-L6-v2); other categories are rule-based screening estimates pending analyst review. | Risk level: Enhanced diligence | Source type: TBP internal intelligence report (public-source verified)",,,,,,TBP_South_Africa_Private_Capital_Family_Office_Intelligence_Report_Tier_0_to_3.docx,
Africa,South Africa,,Privado Wealth,Established MFO / Investment Platform / Capital Gateway,South Africa,South Africa,Wealth advisory team,HNW investment management,Southern Africa capital and logistics gateway; Johannesburg/Cape Town financial hub; relevant to TBP's Southern Africa corridor and continental trade/energy thesis.,Investment Team,Official corporate route / invest@privadowealth.com | 087 55 128 55,Tharushi / Capital Advisory Team,14,8,1,6,12,8,49,Not Suitable Prospect,Medium-High,Identified,Indicative scored – review required,privadowealth.com/contact-us/,"Screening-stage intelligence from TBP South Africa country intelligence report; estimated capacity (US$25–100M represented) and confidence rating (High) are indicative screening signals, not audited AUM. Sector Alignment / Strategic Adjacency computed via calibrated SBERT cosine similarity (all-MiniLM-L6-v2); other categories are rule-based screening estimates pending analyst review. | Risk level: Enhanced diligence | Source type: TBP internal intelligence report (public-source verified)",invest@privadowealth.com,Official/public email - verify before outreach,privadowealth.com/contact-us/,Use official group route; verify current contact before outreach.,8/24/2026,TBP_South_Africa_Private_Capital_Family_Office_Intelligence_Report_Tier_0_to_3.docx,
Africa,South Africa,Cape Town,MuslimFin Family Office,Established MFO / Investment Platform / Capital Gateway,Cape Town,"Claremont, Cape Town",Management / Fairbairn Consult,"Shariah-compliant wealth, inheritance",Southern Africa capital and logistics gateway; Johannesburg/Cape Town financial hub; relevant to TBP's Southern Africa corridor and continental trade/energy thesis.,Family Office / Investment Advisory,+27 71 529 5958,Tharushi / Capital Advisory Team,17,8,0,7,12,5,49,Not Suitable Prospect,Medium-High,Identified,Indicative scored – review required,muslimfin.co.za/services,"Screening-stage intelligence from TBP South Africa country intelligence report; estimated capacity (US$25–100M represented) and confidence rating (Medium) are indicative screening signals, not audited AUM. Sector Alignment / Strategic Adjacency computed via calibrated SBERT cosine similarity (all-MiniLM-L6-v2); other categories are rule-based screening estimates pending analyst review. | Risk level: Enhanced diligence | Source type: TBP internal intelligence report (public-source verified)",,,,,,TBP_South_Africa_Private_Capital_Family_Office_Intelligence_Report_Tier_0_to_3.docx,
Africa,South Africa,,Auro Professional,Established MFO / Investment Platform / Capital Gateway,South Africa,South Africa,Niel du Plessis / team,"Trusts, tax, family-office structuring",Southern Africa capital and logistics gateway; Johannesburg/Cape Town financial hub; relevant to TBP's Southern Africa corridor and continental trade/energy thesis.,Family Wealth / Investment Advisory,Official corporate route / info@auroprofessional.com | +27 21 879 3100,Tharushi / Capital Advisory Team,14,8,11,7,13,8,61,Monitor / Secondary Prospect,Medium-High,Identified,Indicative scored – review required,auroprofessional.com/,"Screening-stage intelligence from TBP South Africa country intelligence report; estimated capacity (US$25–100M represented) and confidence rating (High) are indicative screening signals, not audited AUM. Sector Alignment / Strategic Adjacency computed via calibrated SBERT cosine similarity (all-MiniLM-L6-v2); other categories are rule-based screening estimates pending analyst review. | Risk level: Enhanced diligence | Source type: TBP internal intelligence report (public-source verified)",info@auroprofessional.com,Official/public email - verify before outreach,auroprofessional.com/,Use official group route; verify current contact before outreach.,8/24/2026,TBP_South_Africa_Private_Capital_Family_Office_Intelligence_Report_Tier_0_to_3.docx,
Africa,South Africa,,Our Family Office,Established MFO / Investment Platform / Capital Gateway,South Africa,Somerset West,Pieter Michel de Klerk / team,"HNW wealth, property, asset finance",Southern Africa capital and logistics gateway; Johannesburg/Cape Town financial hub; relevant to TBP's Southern Africa corridor and continental trade/energy thesis.,Family Office / Investment Team,Official corporate route,Tharushi / Capital Advisory Team,17,8,4,7,14,7,57,Monitor / Secondary Prospect,Medium-High,Identified,Indicative scored – review required,www.ofo.co.za/,"Screening-stage intelligence from TBP South Africa country intelligence report; estimated capacity (US$25–100M represented) and confidence rating (High) are indicative screening signals, not audited AUM. Sector Alignment / Strategic Adjacency computed via calibrated SBERT cosine similarity (all-MiniLM-L6-v2); other categories are rule-based screening estimates pending analyst review. | Risk level: Enhanced diligence | Source type: TBP internal intelligence report (public-source verified)",,,,,,TBP_South_Africa_Private_Capital_Family_Office_Intelligence_Report_Tier_0_to_3.docx,
Africa,South Africa,,Ninety One Family Office,Established MFO / Investment Platform / Capital Gateway,South Africa,South Africa,Ninety One leadership,"Family wealth consolidation, global portfolios",Southern Africa capital and logistics gateway; Johannesburg/Cape Town financial hub; relevant to TBP's Southern Africa corridor and continental trade/energy thesis.,Family Office / Institutional Client Team,Official corporate route,Tharushi / Capital Advisory Team,17,8,9,7,15,7,63,Monitor / Secondary Prospect,Medium-High,Identified,Indicative scored – review required,ninetyone.com/en/south-africa/investment-platform/our-product-solutions/ninety-one-family-office,"Screening-stage intelligence from TBP South Africa country intelligence report; estimated capacity (Institutional / represented) and confidence rating (High) are indicative screening signals, not audited AUM. Sector Alignment / Strategic Adjacency computed via calibrated SBERT cosine similarity (all-MiniLM-L6-v2); other categories are rule-based screening estimates pending analyst review. | Risk level: Enhanced diligence | Source type: TBP internal intelligence report (public-source verified)",,,,,,TBP_South_Africa_Private_Capital_Family_Office_Intelligence_Report_Tier_0_to_3.docx,
Africa,South Africa,Cape Town,ARX Pangaia,Established MFO / Investment Platform / Capital Gateway,Cape Town,"Claremont, Cape Town",Jacobus Human / Lowina Dugmore,"Family wealth, investment management",Southern Africa capital and logistics gateway; Johannesburg/Cape Town financial hub; relevant to TBP's Southern Africa corridor and continental trade/energy thesis.,Investment / Family Office Team,Official corporate route,Tharushi / Capital Advisory Team,14,8,18,7,14,7,68,Strong Potential Prospect,Medium-High,Identified,Indicative scored – review required,arxpangaia.com/,"Screening-stage intelligence from TBP South Africa country intelligence report; estimated capacity (US$50–250M represented) and confidence rating (High) are indicative screening signals, not audited AUM. Sector Alignment / Strategic Adjacency computed via calibrated SBERT cosine similarity (all-MiniLM-L6-v2); other categories are rule-based screening estimates pending analyst review. | Risk level: Enhanced diligence | Source type: TBP internal intelligence report (public-source verified)",,,,,,TBP_South_Africa_Private_Capital_Family_Office_Intelligence_Report_Tier_0_to_3.docx,
Africa,South Africa,Cape Town,Private Client Trust,Established MFO / Investment Platform / Capital Gateway,Cape Town,Cape Town,Private Client Holdings,"Trusts, succession, family structures",Southern Africa capital and logistics gateway; Johannesburg/Cape Town financial hub; relevant to TBP's Southern Africa corridor and continental trade/energy thesis.,Trust / Family Office Team,Official corporate route / trusts@privateclient.co.za | +27 21 671 1220,Tharushi / Capital Advisory Team,14,8,14,7,15,8,66,Strong Potential Prospect,Medium-High,Identified,Indicative scored – review required,www.privateclienttrust.co.za/contact,"Screening-stage intelligence from TBP South Africa country intelligence report; estimated capacity (US$50–250M represented) and confidence rating (High) are indicative screening signals, not audited AUM. Sector Alignment / Strategic Adjacency computed via calibrated SBERT cosine similarity (all-MiniLM-L6-v2); other categories are rule-based screening estimates pending analyst review. | Risk level: Enhanced diligence | Source type: TBP internal intelligence report (public-source verified)",trusts@privateclient.co.za,Official/public email - verify before outreach,www.privateclienttrust.co.za/contact,Use official group route; verify current contact before outreach.,8/24/2026,TBP_South_Africa_Private_Capital_Family_Office_Intelligence_Report_Tier_0_to_3.docx,
Africa,South Africa,Cape Town,Wealth Planners,Established MFO / Investment Platform / Capital Gateway,Cape Town,Cape Town,Management,"Diversified long-term wealth, PE, hedge funds",Southern Africa capital and logistics gateway; Johannesburg/Cape Town financial hub; relevant to TBP's Southern Africa corridor and continental trade/energy thesis.,Investment / Wealth Planning Team,Official corporate route,Tharushi / Capital Advisory Team,14,8,20,6,12,5,65,Strong Potential Prospect,Medium-High,Identified,Indicative scored – review required,wealthplanners.co.za/,"Screening-stage intelligence from TBP South Africa country intelligence report; estimated capacity (US$25–100M+) and confidence rating (Medium) are indicative screening signals, not audited AUM. Sector Alignment / Strategic Adjacency computed via calibrated SBERT cosine similarity (all-MiniLM-L6-v2); other categories are rule-based screening estimates pending analyst review. | Risk level: Enhanced diligence | Source type: TBP internal intelligence report (public-source verified)",,,,,,TBP_South_Africa_Private_Capital_Family_Office_Intelligence_Report_Tier_0_to_3.docx,
Africa,South Africa,Sandton,Espin Capital,Specialist Investment Vehicle / Emerging Capital Channel,Sandton,Sandton,Olwethu Mafanya,"Long-term PE, growth capital, BEE investment",Southern Africa capital and logistics gateway; Johannesburg/Cape Town financial hub; relevant to TBP's Southern Africa corridor and continental trade/energy thesis.,Investment Team / Founder,Official corporate route,Tharushi / Capital Advisory Team,13,7,20,10,4,7,61,Monitor / Secondary Prospect,Medium,Identified,Indicative scored – review required,espincapital.co.za/about,"Screening-stage intelligence from TBP South Africa country intelligence report; estimated capacity (US$25–100M) and confidence rating (High) are indicative screening signals, not audited AUM. Sector Alignment / Strategic Adjacency computed via calibrated SBERT cosine similarity (all-MiniLM-L6-v2); other categories are rule-based screening estimates pending analyst review. | Risk level: Enhanced diligence | Source type: TBP internal intelligence report (public-source verified)",,,,,,TBP_South_Africa_Private_Capital_Family_Office_Intelligence_Report_Tier_0_to_3.docx,
Africa,South Africa,,African Financial Group,Specialist Investment Vehicle / Emerging Capital Channel,South Africa,South Africa / international,Founding family / management,"Pan-African industrial platforms, real economy",Southern Africa capital and logistics gateway; Johannesburg/Cape Town financial hub; relevant to TBP's Southern Africa corridor and continental trade/energy thesis.,Investment Team / Corporate Development,Official corporate route,Tharushi / Capital Advisory Team,15,13,20,6,15,7,76,Strong Potential Prospect,Medium,Identified,Indicative scored – review required,africanfinancialgroup.com/,"Screening-stage intelligence from TBP South Africa country intelligence report; estimated capacity (US$100M+) and confidence rating (High) are indicative screening signals, not audited AUM. Sector Alignment / Strategic Adjacency computed via calibrated SBERT cosine similarity (all-MiniLM-L6-v2); other categories are rule-based screening estimates pending analyst review. | Risk level: Enhanced diligence | Source type: TBP internal intelligence report (public-source verified)",,,,,,TBP_South_Africa_Private_Capital_Family_Office_Intelligence_Report_Tier_0_to_3.docx,
Africa,South Africa,,Dass Capital,Specialist Investment Vehicle / Emerging Capital Channel,South Africa,South Africa,Private investment team,"Patient capital, family businesses, PE",Southern Africa capital and logistics gateway; Johannesburg/Cape Town financial hub; relevant to TBP's Southern Africa corridor and continental trade/energy thesis.,Investment Team,Official corporate route / info@dasscapital.com | +27 61 439 6675,Tharushi / Capital Advisory Team,13,7,12,6,10,8,56,Monitor / Secondary Prospect,Medium,Identified,Indicative scored – review required,www.dasscapital.com/,"Screening-stage intelligence from TBP South Africa country intelligence report; estimated capacity (US$25–100M) and confidence rating (High) are indicative screening signals, not audited AUM. Sector Alignment / Strategic Adjacency computed via calibrated SBERT cosine similarity (all-MiniLM-L6-v2); other categories are rule-based screening estimates pending analyst review. | Risk level: Enhanced diligence | Source type: TBP internal intelligence report (public-source verified)",info@dasscapital.com,Official/public email - verify before outreach,www.dasscapital.com/,Use official group route; verify current contact before outreach.,8/24/2026,TBP_South_Africa_Private_Capital_Family_Office_Intelligence_Report_Tier_0_to_3.docx,
Africa,South Africa,,D’Hondt Investments,Specialist Investment Vehicle / Emerging Capital Channel,South Africa,South Africa,Chris D’Hondt / family,"PE, VC, real estate",Southern Africa capital and logistics gateway; Johannesburg/Cape Town financial hub; relevant to TBP's Southern Africa corridor and continental trade/energy thesis.,Investment Team / Family Office,Official corporate route / karim@dhondtinvestments.com,Tharushi / Capital Advisory Team,15,7,20,7,7,6,62,Monitor / Secondary Prospect,Medium,Identified,Indicative scored – review required,dhondtinvestments.com/about-us/,"Screening-stage intelligence from TBP South Africa country intelligence report; estimated capacity (US$25–100M) and confidence rating (Medium) are indicative screening signals, not audited AUM. Sector Alignment / Strategic Adjacency computed via calibrated SBERT cosine similarity (all-MiniLM-L6-v2); other categories are rule-based screening estimates pending analyst review. | Risk level: Enhanced diligence | Source type: TBP internal intelligence report (public-source verified)",karim@dhondtinvestments.com,Official/public email - verify before outreach,dhondtinvestments.com/about-us/,Use official group route; verify current contact before outreach.,8/24/2026,TBP_South_Africa_Private_Capital_Family_Office_Intelligence_Report_Tier_0_to_3.docx,
Africa,South Africa,,BGL / Douw Steyn Investment Interests,Specialist Investment Vehicle / Emerging Capital Channel,South Africa,South Africa,Douw Steyn family,"Property, technology, PE",Southern Africa capital and logistics gateway; Johannesburg/Cape Town financial hub; relevant to TBP's Southern Africa corridor and continental trade/energy thesis.,Family Investment Office / Group Strategy,Official corporate route,Tharushi / Capital Advisory Team,15,13,16,7,7,7,65,Strong Potential Prospect,Medium,Identified,Indicative scored – review required,steyngroup.com/,"Screening-stage intelligence from TBP South Africa country intelligence report; estimated capacity (US$100M+) and confidence rating (High) are indicative screening signals, not audited AUM. Sector Alignment / Strategic Adjacency computed via calibrated SBERT cosine similarity (all-MiniLM-L6-v2); other categories are rule-based screening estimates pending analyst review. | Risk level: Enhanced diligence | Source type: TBP internal intelligence report (public-source verified)",,,,,,TBP_South_Africa_Private_Capital_Family_Office_Intelligence_Report_Tier_0_to_3.docx,
Africa,South Africa,,Oppenheimer Partners,Specialist Investment Vehicle / Emerging Capital Channel,South Africa,South Africa / global,Oppenheimer family,"African growth businesses, industrials",Southern Africa capital and logistics gateway; Johannesburg/Cape Town financial hub; relevant to TBP's Southern Africa corridor and continental trade/energy thesis.,Investment Team / Family Office,Official corporate route,Tharushi / Capital Advisory Team,15,13,20,7,11,7,73,Strong Potential Prospect,Medium,Identified,Indicative scored – review required,opp-gen.com/,"Screening-stage intelligence from TBP South Africa country intelligence report; estimated capacity (US$100M+) and confidence rating (High) are indicative screening signals, not audited AUM. Sector Alignment / Strategic Adjacency computed via calibrated SBERT cosine similarity (all-MiniLM-L6-v2); other categories are rule-based screening estimates pending analyst review. | Risk level: Enhanced diligence | Source type: TBP internal intelligence report (public-source verified)",,,,,,TBP_South_Africa_Private_Capital_Family_Office_Intelligence_Report_Tier_0_to_3.docx,
Africa,South Africa,,Titan Premier Investments,Specialist Investment Vehicle / Emerging Capital Channel,South Africa,South Africa,Christo Wiese interests,"Consumer, retail, PE",Southern Africa capital and logistics gateway; Johannesburg/Cape Town financial hub; relevant to TBP's Southern Africa corridor and continental trade/energy thesis.,Investment Team / Corporate Development,Official corporate route,Tharushi / Capital Advisory Team,13,13,20,6,15,7,74,Strong Potential Prospect,Medium,Identified,Indicative scored – review required,www.titan.co.za/,"Screening-stage intelligence from TBP South Africa country intelligence report; estimated capacity (US$100M+) and confidence rating (High) are indicative screening signals, not audited AUM. Sector Alignment / Strategic Adjacency computed via calibrated SBERT cosine similarity (all-MiniLM-L6-v2); other categories are rule-based screening estimates pending analyst review. | Risk level: Enhanced diligence | Source type: TBP internal intelligence report (public-source verified)",,,,,,TBP_South_Africa_Private_Capital_Family_Office_Intelligence_Report_Tier_0_to_3.docx,
Africa,South Africa,Cape Town,GAIA Fund Managers,Specialist Investment Vehicle / Emerging Capital Channel,Cape Town,Cape Town,Investment team,"Energy, water, sanitation, infrastructure",Southern Africa capital and logistics gateway; Johannesburg/Cape Town financial hub; relevant to TBP's Southern Africa corridor and continental trade/energy thesis.,Investment Team / Project Finance,Official corporate route / finance@gaia.group | +27 21 671 2100,Tharushi / Capital Advisory Team,13,7,20,6,15,10,71,Strong Potential Prospect,Medium,Identified,Indicative scored – review required,gaia.group/,"Screening-stage intelligence from TBP South Africa country intelligence report; estimated capacity (US$50–250M) and confidence rating (Very High) are indicative screening signals, not audited AUM. Sector Alignment / Strategic Adjacency computed via calibrated SBERT cosine similarity (all-MiniLM-L6-v2); other categories are rule-based screening estimates pending analyst review. | Risk level: Enhanced diligence | Source type: TBP internal intelligence report (public-source verified)",finance@gaia.group,Official/public email - verify before outreach,gaia.group/,Use official group route; verify current contact before outreach.,8/24/2026,TBP_South_Africa_Private_Capital_Family_Office_Intelligence_Report_Tier_0_to_3.docx,
Africa,South Africa,Johannesburg,Capitalworks Investment Partners,Specialist Investment Vehicle / Emerging Capital Channel,Johannesburg,Johannesburg,Investment team,"PE, infrastructure, family-office co-investment",Southern Africa capital and logistics gateway; Johannesburg/Cape Town financial hub; relevant to TBP's Southern Africa corridor and continental trade/energy thesis.,Investment Team / Managing Partners,Official corporate route / info@capitalworksip.com | +27 11 301 3000,Tharushi / Capital Advisory Team,13,13,20,10,15,10,81,Priority Founding Steward Prospect,Medium,Identified,Indicative scored – review required,www.capitalworksip.com/,"Screening-stage intelligence from TBP South Africa country intelligence report; estimated capacity (US$100M+) and confidence rating (Very High) are indicative screening signals, not audited AUM. Sector Alignment / Strategic Adjacency computed via calibrated SBERT cosine similarity (all-MiniLM-L6-v2); other categories are rule-based screening estimates pending analyst review. | Risk level: Enhanced diligence | Source type: TBP internal intelligence report (public-source verified)",info@capitalworksip.com,Official/public email - verify before outreach,www.capitalworksip.com/,Use official group route; verify current contact before outreach.,8/24/2026,TBP_South_Africa_Private_Capital_Family_Office_Intelligence_Report_Tier_0_to_3.docx,
Africa,South Africa,Johannesburg,WDB Investment Holdings,Specialist Investment Vehicle / Emerging Capital Channel,Johannesburg,Johannesburg,WDB Trust / investment team,"PE, family businesses, consumer",Southern Africa capital and logistics gateway; Johannesburg/Cape Town financial hub; relevant to TBP's Southern Africa corridor and continental trade/energy thesis.,Investment Team,Official corporate route / nicolag@wdb.co.za; modulam@wdb.co.za | +27 11 341 9900,Tharushi / Capital Advisory Team,13,7,20,6,13,8,67,Strong Potential Prospect,Medium,Identified,Indicative scored – review required,www.wdb.co.za/,"Screening-stage intelligence from TBP South Africa country intelligence report; estimated capacity (US$50–250M) and confidence rating (High) are indicative screening signals, not audited AUM. Sector Alignment / Strategic Adjacency computed via calibrated SBERT cosine similarity (all-MiniLM-L6-v2); other categories are rule-based screening estimates pending analyst review. | Risk level: Enhanced diligence | Source type: TBP internal intelligence report (public-source verified)",nicolag@wdb.co.za,Official/public email - verify before outreach,www.wdb.co.za/,Use official group route; verify current contact before outreach.,8/24/2026,TBP_South_Africa_Private_Capital_Family_Office_Intelligence_Report_Tier_0_to_3.docx,
Africa,South Africa,,Chroma Capital,Specialist Investment Vehicle / Emerging Capital Channel,South Africa,South Africa,Investment team,"PE, SME growth",Southern Africa capital and logistics gateway; Johannesburg/Cape Town financial hub; relevant to TBP's Southern Africa corridor and continental trade/energy thesis.,Investment Team,Official corporate route / Roshen@chromacapital.co.za | +27 72 552 7029,Tharushi / Capital Advisory Team,13,7,20,6,14,6,66,Strong Potential Prospect,Medium,Identified,Indicative scored – review required,chromacapital.co.za/,"Screening-stage intelligence from TBP South Africa country intelligence report; estimated capacity (US$25–100M) and confidence rating (Medium) are indicative screening signals, not audited AUM. Sector Alignment / Strategic Adjacency computed via calibrated SBERT cosine similarity (all-MiniLM-L6-v2); other categories are rule-based screening estimates pending analyst review. | Risk level: Enhanced diligence | Source type: TBP internal intelligence report (public-source verified)",Roshen@chromacapital.co.za,Official/public email - verify before outreach,chromacapital.co.za/,Use official group route; verify current contact before outreach.,8/24/2026,TBP_South_Africa_Private_Capital_Family_Office_Intelligence_Report_Tier_0_to_3.docx,
Africa,South Africa,,Khulasande Capital,Specialist Investment Vehicle / Emerging Capital Channel,South Africa,Gauteng,Investment team,"Founder/family-owned businesses, growth capital",Southern Africa capital and logistics gateway; Johannesburg/Cape Town financial hub; relevant to TBP's Southern Africa corridor and continental trade/energy thesis.,Investment Team,Official corporate route,Tharushi / Capital Advisory Team,13,7,11,6,7,5,49,Not Suitable Prospect,Medium,Identified,Indicative scored – review required,altss.com/profile/khulasande-capital,"Screening-stage intelligence from TBP South Africa country intelligence report; estimated capacity (US$25–100M) and confidence rating (Medium) are indicative screening signals, not audited AUM. Sector Alignment / Strategic Adjacency computed via calibrated SBERT cosine similarity (all-MiniLM-L6-v2); other categories are rule-based screening estimates pending analyst review. | Risk level: Enhanced diligence | Source type: TBP internal intelligence report (public-source verified)",,,,,,TBP_South_Africa_Private_Capital_Family_Office_Intelligence_Report_Tier_0_to_3.docx,
Africa,South Africa,,BSM Investments,Specialist Investment Vehicle / Emerging Capital Channel,South Africa,South Africa,BSM Group,"Family businesses, SMEs, permanent capital",Southern Africa capital and logistics gateway; Johannesburg/Cape Town financial hub; relevant to TBP's Southern Africa corridor and continental trade/energy thesis.,Investment Team / Group Strategy,Official corporate route,Tharushi / Capital Advisory Team,13,7,20,6,15,5,66,Strong Potential Prospect,Medium,Identified,Indicative scored – review required,bsm.international/bsm-investments/,"Screening-stage intelligence from TBP South Africa country intelligence report; estimated capacity (US$25–100M) and confidence rating (Medium) are indicative screening signals, not audited AUM. Sector Alignment / Strategic Adjacency computed via calibrated SBERT cosine similarity (all-MiniLM-L6-v2); other categories are rule-based screening estimates pending analyst review. | Risk level: Enhanced diligence | Source type: TBP internal intelligence report (public-source verified)",,,,,,TBP_South_Africa_Private_Capital_Family_Office_Intelligence_Report_Tier_0_to_3.docx,
Africa,South Africa,,Fidelia Partners,Specialist Investment Vehicle / Emerging Capital Channel,South Africa,South Africa,Investment/advisory team,"Family-office capital introductions, co-investment",Southern Africa capital and logistics gateway; Johannesburg/Cape Town financial hub; relevant to TBP's Southern Africa corridor and continental trade/energy thesis.,Investment / Capital Advisory,Official corporate route / info@fideliapartners.com,Tharushi / Capital Advisory Team,13,7,19,6,4,8,57,Monitor / Secondary Prospect,Medium,Identified,Indicative scored – review required,fideliapartners.com/,"Screening-stage intelligence from TBP South Africa country intelligence report; estimated capacity (US$25–100M+ represented) and confidence rating (High) are indicative screening signals, not audited AUM. Sector Alignment / Strategic Adjacency computed via calibrated SBERT cosine similarity (all-MiniLM-L6-v2); other categories are rule-based screening estimates pending analyst review. | Risk level: Enhanced diligence | Source type: TBP internal intelligence report (public-source verified)",info@fideliapartners.com,Official/public email - verify before outreach,fideliapartners.com/,Use official group route; verify current contact before outreach.,8/24/2026,TBP_South_Africa_Private_Capital_Family_Office_Intelligence_Report_Tier_0_to_3.docx,
Africa,South Africa,,Duclair Capital Advisory,Specialist Investment Vehicle / Emerging Capital Channel,South Africa,South Africa,Wiebe van der Laan,"PE, M&A, valuations, capital structuring",Southern Africa capital and logistics gateway; Johannesburg/Cape Town financial hub; relevant to TBP's Southern Africa corridor and continental trade/energy thesis.,Managing Director / Advisory Team,Official corporate route / info@duclaircapital.com | +27 82 458 6081,Tharushi / Capital Advisory Team,13,7,16,10,10,6,62,Monitor / Secondary Prospect,Medium,Identified,Indicative scored – review required,duclaircapital.com/,"Screening-stage intelligence from TBP South Africa country intelligence report; estimated capacity (US$25–100M represented transactions) and confidence rating (Medium) are indicative screening signals, not audited AUM. Sector Alignment / Strategic Adjacency computed via calibrated SBERT cosine similarity (all-MiniLM-L6-v2); other categories are rule-based screening estimates pending analyst review. | Risk level: Enhanced diligence | Source type: TBP internal intelligence report (public-source verified)",info@duclaircapital.com,Official/public email - verify before outreach,duclaircapital.com/,Use official group route; verify current contact before outreach.,8/24/2026,TBP_South_Africa_Private_Capital_Family_Office_Intelligence_Report_Tier_0_to_3.docx,
Africa,South Africa,,Family Office.org.za,Specialist Investment Vehicle / Emerging Capital Channel,South Africa,South Africa,Wayne Gordon,"Family-office strategy, investment sourcing",Southern Africa capital and logistics gateway; Johannesburg/Cape Town financial hub; relevant to TBP's Southern Africa corridor and continental trade/energy thesis.,Founder / Family Office Advisory,Official corporate route,Tharushi / Capital Advisory Team,16,7,7,10,7,5,52,Monitor / Secondary Prospect,Medium,Identified,Indicative scored – review required,familyoffice.org.za/,"Screening-stage intelligence from TBP South Africa country intelligence report; estimated capacity (Emerging) and confidence rating (Medium) are indicative screening signals, not audited AUM. Sector Alignment / Strategic Adjacency computed via calibrated SBERT cosine similarity (all-MiniLM-L6-v2); other categories are rule-based screening estimates pending analyst review. | Risk level: Enhanced diligence | Source type: TBP internal intelligence report (public-source verified)",,,,,,TBP_South_Africa_Private_Capital_Family_Office_Intelligence_Report_Tier_0_to_3.docx,
Africa,South Africa,,Equity Giant Capital Management,Specialist Investment Vehicle / Emerging Capital Channel,South Africa,South Africa,Investment team,Alternative/private investment strategies,Southern Africa capital and logistics gateway; Johannesburg/Cape Town financial hub; relevant to TBP's Southern Africa corridor and continental trade/energy thesis.,Investment Team,Official corporate route,Tharushi / Capital Advisory Team,13,7,20,6,15,4,65,Strong Potential Prospect,Medium,Identified,Indicative scored – review required,allfamilyoffices.com/list-of-family-offices-in-south-africa,"Screening-stage intelligence from TBP South Africa country intelligence report; estimated capacity (Emerging / private capital) and confidence rating (Low) are indicative screening signals, not audited AUM. Sector Alignment / Strategic Adjacency computed via calibrated SBERT cosine similarity (all-MiniLM-L6-v2); other categories are rule-based screening estimates pending analyst review. | Risk level: Enhanced diligence | Source type: TBP internal intelligence report (public-source verified)",,,,,,TBP_South_Africa_Private_Capital_Family_Office_Intelligence_Report_Tier_0_to_3.docx,
